period,duoarea,area-name,product,product-name,process,process-name,series,series-description,value,units
2024-12,SNY,NEW YORK,EPG0,Natural Gas,PRS,Price Delivered to Residential Consumers,N3010NY3,New York Price of Natural Gas Delivered to Residential Consumers (Dollars per Thousand Cubic Feet),15.34,$/MCF
2024-11,SNY,NEW YORK,EPG0,Natural Gas,PRS,Price Delivered to Residential Consumers,N3010NY3,New York Price of Natural Gas Delivered to Residential Consumers (Dollars per Thousand Cubic Feet),19.61,$/MCF
2024-10,SNY,NEW YORK,EPG0,Natural Gas,PRS,Price Delivered to Residential Consumers,N3010NY3,New York Price of Natural Gas Delivered to Residential Consumers (Dollars per Thousand Cubic Feet),22.31,$/MCF
2024-09,SNY,NEW YORK,EPG0,Natural Gas,PRS,Price Delivered to Residential Consumers,N3010NY3,New York Price of Natural Gas Delivered to Residential Consumers (Dollars per Thousand Cubic Feet),23.46,$/MCF
2024-08,SNY,NEW YORK,EPG0,Natural Gas,PRS,Price Delivered to Residential Consumers,N3010NY3,New York Price of Natural Gas Delivered to Residential Consumers (Dollars per Thousand Cubic Feet),23.29,$/MCF
2024-07,SNY,NEW YORK,EPG0,Natural Gas,PRS,Price Delivered to Residential Consumers,N3010NY3,New York Price of Natural Gas Delivered to Residential Consumers (Dollars per Thousand Cubic Feet),23.22,$/MCF
2024-06,SNY,NEW YORK,EPG0,Natural Gas,PRS,Price Delivered to Residential Consumers,N3010NY3,New York Price of Natural Gas Delivered to Residential Consumers (Dollars per Thousand Cubic Feet),21.38,$/MCF
2024-05,SNY,NEW YORK,EPG0,Natural Gas,PRS,Price Delivered to Residential Consumers,N3010NY3,New York Price of Natural Gas Delivered to Residential Consumers (Dollars per Thousand Cubic Feet),18.13,$/MCF
2024-04,SNY,NEW YORK,EPG0,Natural Gas,PRS,Price Delivered to Residential Consumers,N3010NY3,New York Price of Natural Gas Delivered to Residential Consumers (Dollars per Thousand Cubic Feet),15.04,$/MCF
2024-03,SNY,NEW YORK,EPG0,Natural Gas,PRS,Price Delivered to Residential Consumers,N3010NY3,New York Price of Natural Gas Delivered to Residential Consumers (Dollars per Thousand Cubic Feet),15.46,$/MCF
2024-02,SNY,NEW YORK,EPG0,Natural Gas,PRS,Price Delivered to Residential Consumers,N3010NY3,New York Price of Natural Gas Delivered to Residential Consumers (Dollars per Thousand Cubic Feet),14.75,$/MCF
2024-01,SNY,NEW YORK,EPG0,Natural Gas,PRS,Price Delivered to Residential Consumers,N3010NY3,New York Price of Natural Gas Delivered to Residential Consumers (Dollars per Thousand Cubic Feet),14.55,$/MCF
2023-12,SNY,NEW YORK,EPG0,Natural Gas,PRS,Price Delivered to Residential Consumers,N3010NY3,New York Price of Natural Gas Delivered to Residential Consumers (Dollars per Thousand Cubic Feet),14.71,$/MCF
2023-11,SNY,NEW YORK,EPG0,Natural Gas,PRS,Price Delivered to Residential Consumers,N3010NY3,New York Price of Natural Gas Delivered to Residential Consumers (Dollars per Thousand Cubic Feet),16.3,$/MCF
2023-10,SNY,NEW YORK,EPG0,Natural Gas,PRS,Price Delivered to Residential Consumers,N3010NY3,New York Price of Natural Gas Delivered to Residential Consumers (Dollars per Thousand Cubic Feet),20,$/MCF
2023-09,SNY,NEW YORK,EPG0,Natural Gas,PRS,Price Delivered to Residential Consumers,N3010NY3,New York Price of Natural Gas Delivered to Residential Consumers (Dollars per Thousand Cubic Feet),21,$/MCF
2023-08,SNY,NEW YORK,EPG0,Natural Gas,PRS,Price Delivered to Residential Consumers,N3010NY3,New York Price of Natural Gas Delivered to Residential Consumers (Dollars per Thousand Cubic Feet),22.72,$/MCF
2023-07,SNY,NEW YORK,EPG0,Natural Gas,PRS,Price Delivered to Residential Consumers,N3010NY3,New York Price of Natural Gas Delivered to Residential Consumers (Dollars per Thousand Cubic Feet),21.77,$/MCF
2023-06,SNY,NEW YORK,EPG0,Natural Gas,PRS,Price Delivered to Residential Consumers,N3010NY3,New York Price of Natural Gas Delivered to Residential Consumers (Dollars per Thousand Cubic Feet),19.73,$/MCF
2023-05,SNY,NEW YORK,EPG0,Natural Gas,PRS,Price Delivered to Residential Consumers,N3010NY3,New York Price of Natural Gas Delivered to Residential Consumers (Dollars per Thousand Cubic Feet),16.72,$/MCF
2023-04,SNY,NEW YORK,EPG0,Natural Gas,PRS,Price Delivered to Residential Consumers,N3010NY3,New York Price of Natural Gas Delivered to Residential Consumers (Dollars per Thousand Cubic Feet),15.83,$/MCF
2023-03,SNY,NEW YORK,EPG0,Natural Gas,PRS,Price Delivered to Residential Consumers,N3010NY3,New York Price of Natural Gas Delivered to Residential Consumers (Dollars per Thousand Cubic Feet),15.92,$/MCF
2023-02,SNY,NEW YORK,EPG0,Natural Gas,PRS,Price Delivered to Residential Consumers,N3010NY3,New York Price of Natural Gas Delivered to Residential Consumers (Dollars per Thousand Cubic Feet),16.59,$/MCF
2023-01,SNY,NEW YORK,EPG0,Natural Gas,PRS,Price Delivered to Residential Consumers,N3010NY3,New York Price of Natural Gas Delivered to Residential Consumers (Dollars per Thousand Cubic Feet),17.23,$/MCF
2022-12,SNY,NEW YORK,EPG0,Natural Gas,PRS,Price Delivered to Residential Consumers,N3010NY3,New York Price of Natural Gas Delivered to Residential Consumers (Dollars per Thousand Cubic Feet),16.73,$/MCF
2022-11,SNY,NEW YORK,EPG0,Natural Gas,PRS,Price Delivered to Residential Consumers,N3010NY3,New York Price of Natural Gas Delivered to Residential Consumers (Dollars per Thousand Cubic Feet),19.26,$/MCF
2022-10,SNY,NEW YORK,EPG0,Natural Gas,PRS,Price Delivered to Residential Consumers,N3010NY3,New York Price of Natural Gas Delivered to Residential Consumers (Dollars per Thousand Cubic Feet),21.91,$/MCF
2022-09,SNY,NEW YORK,EPG0,Natural Gas,PRS,Price Delivered to Residential Consumers,N3010NY3,New York Price of Natural Gas Delivered to Residential Consumers (Dollars per Thousand Cubic Feet),28.2,$/MCF
2022-08,SNY,NEW YORK,EPG0,Natural Gas,PRS,Price Delivered to Residential Consumers,N3010NY3,New York Price of Natural Gas Delivered to Residential Consumers (Dollars per Thousand Cubic Feet),26.14,$/MCF
2022-07,SNY,NEW YORK,EPG0,Natural Gas,PRS,Price Delivered to Residential Consumers,N3010NY3,New York Price of Natural Gas Delivered to Residential Consumers (Dollars per Thousand Cubic Feet),26.19,$/MCF
2022-06,SNY,NEW YORK,EPG0,Natural Gas,PRS,Price Delivered to Residential Consumers,N3010NY3,New York Price of Natural Gas Delivered to Residential Consumers (Dollars per Thousand Cubic Feet),24.56,$/MCF
2022-05,SNY,NEW YORK,EPG0,Natural Gas,PRS,Price Delivered to Residential Consumers,N3010NY3,New York Price of Natural Gas Delivered to Residential Consumers (Dollars per Thousand Cubic Feet),17.59,$/MCF
2022-04,SNY,NEW YORK,EPG0,Natural Gas,PRS,Price Delivered to Residential Consumers,N3010NY3,New York Price of Natural Gas Delivered to Residential Consumers (Dollars per Thousand Cubic Feet),14.82,$/MCF
2022-03,SNY,NEW YORK,EPG0,Natural Gas,PRS,Price Delivered to Residential Consumers,N3010NY3,New York Price of Natural Gas Delivered to Residential Consumers (Dollars per Thousand Cubic Feet),14.13,$/MCF
2022-02,SNY,NEW YORK,EPG0,Natural Gas,PRS,Price Delivered to Residential Consumers,N3010NY3,New York Price of Natural Gas Delivered to Residential Consumers (Dollars per Thousand Cubic Feet),13.07,$/MCF
2022-01,SNY,NEW YORK,EPG0,Natural Gas,PRS,Price Delivered to Residential Consumers,N3010NY3,New York Price of Natural Gas Delivered to Residential Consumers (Dollars per Thousand Cubic Feet),13.82,$/MCF
2021-12,SNY,NEW YORK,EPG0,Natural Gas,PRS,Price Delivered to Residential Consumers,N3010NY3,New York Price of Natural Gas Delivered to Residential Consumers (Dollars per Thousand Cubic Feet),14.56,$/MCF
2021-11,SNY,NEW YORK,EPG0,Natural Gas,PRS,Price Delivered to Residential Consumers,N3010NY3,New York Price of Natural Gas Delivered to Residential Consumers (Dollars per Thousand Cubic Feet),17.19,$/MCF
2021-10,SNY,NEW YORK,EPG0,Natural Gas,PRS,Price Delivered to Residential Consumers,N3010NY3,New York Price of Natural Gas Delivered to Residential Consumers (Dollars per Thousand Cubic Feet),22.64,$/MCF
2021-09,SNY,NEW YORK,EPG0,Natural Gas,PRS,Price Delivered to Residential Consumers,N3010NY3,New York Price of Natural Gas Delivered to Residential Consumers (Dollars per Thousand Cubic Feet),22.24,$/MCF
2021-08,SNY,NEW YORK,EPG0,Natural Gas,PRS,Price Delivered to Residential Consumers,N3010NY3,New York Price of Natural Gas Delivered to Residential Consumers (Dollars per Thousand Cubic Feet),22.85,$/MCF
2021-07,SNY,NEW YORK,EPG0,Natural Gas,PRS,Price Delivered to Residential Consumers,N3010NY3,New York Price of Natural Gas Delivered to Residential Consumers (Dollars per Thousand Cubic Feet),21.13,$/MCF
2021-06,SNY,NEW YORK,EPG0,Natural Gas,PRS,Price Delivered to Residential Consumers,N3010NY3,New York Price of Natural Gas Delivered to Residential Consumers (Dollars per Thousand Cubic Feet),17.64,$/MCF
2021-05,SNY,NEW YORK,EPG0,Natural Gas,PRS,Price Delivered to Residential Consumers,N3010NY3,New York Price of Natural Gas Delivered to Residential Consumers (Dollars per Thousand Cubic Feet),15.04,$/MCF
2021-04,SNY,NEW YORK,EPG0,Natural Gas,PRS,Price Delivered to Residential Consumers,N3010NY3,New York Price of Natural Gas Delivered to Residential Consumers (Dollars per Thousand Cubic Feet),13.85,$/MCF
2021-03,SNY,NEW YORK,EPG0,Natural Gas,PRS,Price Delivered to Residential Consumers,N3010NY3,New York Price of Natural Gas Delivered to Residential Consumers (Dollars per Thousand Cubic Feet),11.46,$/MCF
2021-02,SNY,NEW YORK,EPG0,Natural Gas,PRS,Price Delivered to Residential Consumers,N3010NY3,New York Price of Natural Gas Delivered to Residential Consumers (Dollars per Thousand Cubic Feet),10.8,$/MCF
2021-01,SNY,NEW YORK,EPG0,Natural Gas,PRS,Price Delivered to Residential Consumers,N3010NY3,New York Price of Natural Gas Delivered to Residential Consumers (Dollars per Thousand Cubic Feet),11.14,$/MCF
2020-12,SNY,NEW YORK,EPG0,Natural Gas,PRS,Price Delivered to Residential Consumers,N3010NY3,New York Price of Natural Gas Delivered to Residential Consumers (Dollars per Thousand Cubic Feet),12.15,$/MCF
2020-11,SNY,NEW YORK,EPG0,Natural Gas,PRS,Price Delivered to Residential Consumers,N3010NY3,New York Price of Natural Gas Delivered to Residential Consumers (Dollars per Thousand Cubic Feet),13.67,$/MCF
2020-10,SNY,NEW YORK,EPG0,Natural Gas,PRS,Price Delivered to Residential Consumers,N3010NY3,New York Price of Natural Gas Delivered to Residential Consumers (Dollars per Thousand Cubic Feet),16.08,$/MCF
2020-09,SNY,NEW YORK,EPG0,Natural Gas,PRS,Price Delivered to Residential Consumers,N3010NY3,New York Price of Natural Gas Delivered to Residential Consumers (Dollars per Thousand Cubic Feet),19.24,$/MCF
2020-08,SNY,NEW YORK,EPG0,Natural Gas,PRS,Price Delivered to Residential Consumers,N3010NY3,New York Price of Natural Gas Delivered to Residential Consumers (Dollars per Thousand Cubic Feet),19.82,$/MCF
2020-07,SNY,NEW YORK,EPG0,Natural Gas,PRS,Price Delivered to Residential Consumers,N3010NY3,New York Price of Natural Gas Delivered to Residential Consumers (Dollars per Thousand Cubic Feet),19.34,$/MCF
2020-06,SNY,NEW YORK,EPG0,Natural Gas,PRS,Price Delivered to Residential Consumers,N3010NY3,New York Price of Natural Gas Delivered to Residential Consumers (Dollars per Thousand Cubic Feet),16.03,$/MCF
2020-05,SNY,NEW YORK,EPG0,Natural Gas,PRS,Price Delivered to Residential Consumers,N3010NY3,New York Price of Natural Gas Delivered to Residential Consumers (Dollars per Thousand Cubic Feet),11.56,$/MCF
2020-04,SNY,NEW YORK,EPG0,Natural Gas,PRS,Price Delivered to Residential Consumers,N3010NY3,New York Price of Natural Gas Delivered to Residential Consumers (Dollars per Thousand Cubic Feet),12.07,$/MCF
2020-03,SNY,NEW YORK,EPG0,Natural Gas,PRS,Price Delivered to Residential Consumers,N3010NY3,New York Price of Natural Gas Delivered to Residential Consumers (Dollars per Thousand Cubic Feet),11.93,$/MCF
2020-02,SNY,NEW YORK,EPG0,Natural Gas,PRS,Price Delivered to Residential Consumers,N3010NY3,New York Price of Natural Gas Delivered to Residential Consumers (Dollars per Thousand Cubic Feet),11.62,$/MCF
2020-01,SNY,NEW YORK,EPG0,Natural Gas,PRS,Price Delivered to Residential Consumers,N3010NY3,New York Price of Natural Gas Delivered to Residential Consumers (Dollars per Thousand Cubic Feet),11.37,$/MCF
2019-12,SNY,NEW YORK,EPG0,Natural Gas,PRS,Price Delivered to Residential Consumers,N3010NY3,New York Price of Natural Gas Delivered to Residential Consumers (Dollars per Thousand Cubic Feet),10.75,$/MCF
2019-11,SNY,NEW YORK,EPG0,Natural Gas,PRS,Price Delivered to Residential Consumers,N3010NY3,New York Price of Natural Gas Delivered to Residential Consumers (Dollars per Thousand Cubic Feet),12.45,$/MCF
2019-10,SNY,NEW YORK,EPG0,Natural Gas,PRS,Price Delivered to Residential Consumers,N3010NY3,New York Price of Natural Gas Delivered to Residential Consumers (Dollars per Thousand Cubic Feet),16.89,$/MCF
2019-09,SNY,NEW YORK,EPG0,Natural Gas,PRS,Price Delivered to Residential Consumers,N3010NY3,New York Price of Natural Gas Delivered to Residential Consumers (Dollars per Thousand Cubic Feet),19.97,$/MCF
2019-08,SNY,NEW YORK,EPG0,Natural Gas,PRS,Price Delivered to Residential Consumers,N3010NY3,New York Price of Natural Gas Delivered to Residential Consumers (Dollars per Thousand Cubic Feet),20.14,$/MCF
2019-07,SNY,NEW YORK,EPG0,Natural Gas,PRS,Price Delivered to Residential Consumers,N3010NY3,New York Price of Natural Gas Delivered to Residential Consumers (Dollars per Thousand Cubic Feet),19.86,$/MCF
2019-06,SNY,NEW YORK,EPG0,Natural Gas,PRS,Price Delivered to Residential Consumers,N3010NY3,New York Price of Natural Gas Delivered to Residential Consumers (Dollars per Thousand Cubic Feet),17.06,$/MCF
2019-05,SNY,NEW YORK,EPG0,Natural Gas,PRS,Price Delivered to Residential Consumers,N3010NY3,New York Price of Natural Gas Delivered to Residential Consumers (Dollars per Thousand Cubic Feet),13.99,$/MCF
2019-04,SNY,NEW YORK,EPG0,Natural Gas,PRS,Price Delivered to Residential Consumers,N3010NY3,New York Price of Natural Gas Delivered to Residential Consumers (Dollars per Thousand Cubic Feet),12.09,$/MCF
2019-03,SNY,NEW YORK,EPG0,Natural Gas,PRS,Price Delivered to Residential Consumers,N3010NY3,New York Price of Natural Gas Delivered to Residential Consumers (Dollars per Thousand Cubic Feet),10.86,$/MCF
2019-02,SNY,NEW YORK,EPG0,Natural Gas,PRS,Price Delivered to Residential Consumers,N3010NY3,New York Price of Natural Gas Delivered to Residential Consumers (Dollars per Thousand Cubic Feet),11.44,$/MCF
2019-01,SNY,NEW YORK,EPG0,Natural Gas,PRS,Price Delivered to Residential Consumers,N3010NY3,New York Price of Natural Gas Delivered to Residential Consumers (Dollars per Thousand Cubic Feet),12.28,$/MCF
2018-12,SNY,NEW YORK,EPG0,Natural Gas,PRS,Price Delivered to Residential Consumers,N3010NY3,New York Price of Natural Gas Delivered to Residential Consumers (Dollars per Thousand Cubic Feet),11.64,$/MCF
2018-11,SNY,NEW YORK,EPG0,Natural Gas,PRS,Price Delivered to Residential Consumers,N3010NY3,New York Price of Natural Gas Delivered to Residential Consumers (Dollars per Thousand Cubic Feet),12.18,$/MCF
2018-10,SNY,NEW YORK,EPG0,Natural Gas,PRS,Price Delivered to Residential Consumers,N3010NY3,New York Price of Natural Gas Delivered to Residential Consumers (Dollars per Thousand Cubic Feet),17.15,$/MCF
2018-09,SNY,NEW YORK,EPG0,Natural Gas,PRS,Price Delivered to Residential Consumers,N3010NY3,New York Price of Natural Gas Delivered to Residential Consumers (Dollars per Thousand Cubic Feet),20.14,$/MCF
2018-08,SNY,NEW YORK,EPG0,Natural Gas,PRS,Price Delivered to Residential Consumers,N3010NY3,New York Price of Natural Gas Delivered to Residential Consumers (Dollars per Thousand Cubic Feet),20.83,$/MCF
2018-07,SNY,NEW YORK,EPG0,Natural Gas,PRS,Price Delivered to Residential Consumers,N3010NY3,New York Price of Natural Gas Delivered to Residential Consumers (Dollars per Thousand Cubic Feet),20.1,$/MCF
2018-06,SNY,NEW YORK,EPG0,Natural Gas,PRS,Price Delivered to Residential Consumers,N3010NY3,New York Price of Natural Gas Delivered to Residential Consumers (Dollars per Thousand Cubic Feet),19.32,$/MCF
2018-05,SNY,NEW YORK,EPG0,Natural Gas,PRS,Price Delivered to Residential Consumers,N3010NY3,New York Price of Natural Gas Delivered to Residential Consumers (Dollars per Thousand Cubic Feet),14.19,$/MCF
2018-04,SNY,NEW YORK,EPG0,Natural Gas,PRS,Price Delivered to Residential Consumers,N3010NY3,New York Price of Natural Gas Delivered to Residential Consumers (Dollars per Thousand Cubic Feet),11.29,$/MCF
2018-03,SNY,NEW YORK,EPG0,Natural Gas,PRS,Price Delivered to Residential Consumers,N3010NY3,New York Price of Natural Gas Delivered to Residential Consumers (Dollars per Thousand Cubic Feet),12.09,$/MCF
2018-02,SNY,NEW YORK,EPG0,Natural Gas,PRS,Price Delivered to Residential Consumers,N3010NY3,New York Price of Natural Gas Delivered to Residential Consumers (Dollars per Thousand Cubic Feet),11.23,$/MCF
2018-01,SNY,NEW YORK,EPG0,Natural Gas,PRS,Price Delivered to Residential Consumers,N3010NY3,New York Price of Natural Gas Delivered to Residential Consumers (Dollars per Thousand Cubic Feet),9.51,$/MCF
2017-12,SNY,NEW YORK,EPG0,Natural Gas,PRS,Price Delivered to Residential Consumers,N3010NY3,New York Price of Natural Gas Delivered to Residential Consumers (Dollars per Thousand Cubic Feet),10.52,$/MCF
2017-11,SNY,NEW YORK,EPG0,Natural Gas,PRS,Price Delivered to Residential Consumers,N3010NY3,New York Price of Natural Gas Delivered to Residential Consumers (Dollars per Thousand Cubic Feet),13.07,$/MCF
2017-10,SNY,NEW YORK,EPG0,Natural Gas,PRS,Price Delivered to Residential Consumers,N3010NY3,New York Price of Natural Gas Delivered to Residential Consumers (Dollars per Thousand Cubic Feet),17.17,$/MCF
2017-09,SNY,NEW YORK,EPG0,Natural Gas,PRS,Price Delivered to Residential Consumers,N3010NY3,New York Price of Natural Gas Delivered to Residential Consumers (Dollars per Thousand Cubic Feet),18.12,$/MCF
2017-08,SNY,NEW YORK,EPG0,Natural Gas,PRS,Price Delivered to Residential Consumers,N3010NY3,New York Price of Natural Gas Delivered to Residential Consumers (Dollars per Thousand Cubic Feet),19.06,$/MCF
2017-07,SNY,NEW YORK,EPG0,Natural Gas,PRS,Price Delivered to Residential Consumers,N3010NY3,New York Price of Natural Gas Delivered to Residential Consumers (Dollars per Thousand Cubic Feet),19.14,$/MCF
2017-06,SNY,NEW YORK,EPG0,Natural Gas,PRS,Price Delivered to Residential Consumers,N3010NY3,New York Price of Natural Gas Delivered to Residential Consumers (Dollars per Thousand Cubic Feet),16.28,$/MCF
2017-05,SNY,NEW YORK,EPG0,Natural Gas,PRS,Price Delivered to Residential Consumers,N3010NY3,New York Price of Natural Gas Delivered to Residential Consumers (Dollars per Thousand Cubic Feet),14.45,$/MCF
2017-04,SNY,NEW YORK,EPG0,Natural Gas,PRS,Price Delivered to Residential Consumers,N3010NY3,New York Price of Natural Gas Delivered to Residential Consumers (Dollars per Thousand Cubic Feet),11.09,$/MCF
2017-03,SNY,NEW YORK,EPG0,Natural Gas,PRS,Price Delivered to Residential Consumers,N3010NY3,New York Price of Natural Gas Delivered to Residential Consumers (Dollars per Thousand Cubic Feet),10.81,$/MCF
2017-02,SNY,NEW YORK,EPG0,Natural Gas,PRS,Price Delivered to Residential Consumers,N3010NY3,New York Price of Natural Gas Delivered to Residential Consumers (Dollars per Thousand Cubic Feet),11.04,$/MCF
2017-01,SNY,NEW YORK,EPG0,Natural Gas,PRS,Price Delivered to Residential Consumers,N3010NY3,New York Price of Natural Gas Delivered to Residential Consumers (Dollars per Thousand Cubic Feet),9.86,$/MCF
2016-12,SNY,NEW YORK,EPG0,Natural Gas,PRS,Price Delivered to Residential Consumers,N3010NY3,New York Price of Natural Gas Delivered to Residential Consumers (Dollars per Thousand Cubic Feet),9.6,$/MCF
2016-11,SNY,NEW YORK,EPG0,Natural Gas,PRS,Price Delivered to Residential Consumers,N3010NY3,New York Price of Natural Gas Delivered to Residential Consumers (Dollars per Thousand Cubic Feet),10.95,$/MCF
2016-10,SNY,NEW YORK,EPG0,Natural Gas,PRS,Price Delivered to Residential Consumers,N3010NY3,New York Price of Natural Gas Delivered to Residential Consumers (Dollars per Thousand Cubic Feet),14.87,$/MCF
2016-09,SNY,NEW YORK,EPG0,Natural Gas,PRS,Price Delivered to Residential Consumers,N3010NY3,New York Price of Natural Gas Delivered to Residential Consumers (Dollars per Thousand Cubic Feet),17.34,$/MCF
2016-08,SNY,NEW YORK,EPG0,Natural Gas,PRS,Price Delivered to Residential Consumers,N3010NY3,New York Price of Natural Gas Delivered to Residential Consumers (Dollars per Thousand Cubic Feet),17.86,$/MCF
2016-07,SNY,NEW YORK,EPG0,Natural Gas,PRS,Price Delivered to Residential Consumers,N3010NY3,New York Price of Natural Gas Delivered to Residential Consumers (Dollars per Thousand Cubic Feet),16.64,$/MCF
2016-06,SNY,NEW YORK,EPG0,Natural Gas,PRS,Price Delivered to Residential Consumers,N3010NY3,New York Price of Natural Gas Delivered to Residential Consumers (Dollars per Thousand Cubic Feet),14.69,$/MCF
2016-05,SNY,NEW YORK,EPG0,Natural Gas,PRS,Price Delivered to Residential Consumers,N3010NY3,New York Price of Natural Gas Delivered to Residential Consumers (Dollars per Thousand Cubic Feet),10.99,$/MCF
2016-04,SNY,NEW YORK,EPG0,Natural Gas,PRS,Price Delivered to Residential Consumers,N3010NY3,New York Price of Natural Gas Delivered to Residential Consumers (Dollars per Thousand Cubic Feet),9.88,$/MCF
2016-03,SNY,NEW YORK,EPG0,Natural Gas,PRS,Price Delivered to Residential Consumers,N3010NY3,New York Price of Natural Gas Delivered to Residential Consumers (Dollars per Thousand Cubic Feet),9.64,$/MCF
2016-02,SNY,NEW YORK,EPG0,Natural Gas,PRS,Price Delivered to Residential Consumers,N3010NY3,New York Price of Natural Gas Delivered to Residential Consumers (Dollars per Thousand Cubic Feet),9.45,$/MCF
2016-01,SNY,NEW YORK,EPG0,Natural Gas,PRS,Price Delivered to Residential Consumers,N3010NY3,New York Price of Natural Gas Delivered to Residential Consumers (Dollars per Thousand Cubic Feet),10.3,$/MCF
2015-12,SNY,NEW YORK,EPG0,Natural Gas,PRS,Price Delivered to Residential Consumers,N3010NY3,New York Price of Natural Gas Delivered to Residential Consumers (Dollars per Thousand Cubic Feet),11.43,$/MCF
2015-11,SNY,NEW YORK,EPG0,Natural Gas,PRS,Price Delivered to Residential Consumers,N3010NY3,New York Price of Natural Gas Delivered to Residential Consumers (Dollars per Thousand Cubic Feet),12.26,$/MCF
2015-10,SNY,NEW YORK,EPG0,Natural Gas,PRS,Price Delivered to Residential Consumers,N3010NY3,New York Price of Natural Gas Delivered to Residential Consumers (Dollars per Thousand Cubic Feet),14.24,$/MCF
2015-09,SNY,NEW YORK,EPG0,Natural Gas,PRS,Price Delivered to Residential Consumers,N3010NY3,New York Price of Natural Gas Delivered to Residential Consumers (Dollars per Thousand Cubic Feet),17.5,$/MCF
2015-08,SNY,NEW YORK,EPG0,Natural Gas,PRS,Price Delivered to Residential Consumers,N3010NY3,New York Price of Natural Gas Delivered to Residential Consumers (Dollars per Thousand Cubic Feet),17.3,$/MCF
2015-07,SNY,NEW YORK,EPG0,Natural Gas,PRS,Price Delivered to Residential Consumers,N3010NY3,New York Price of Natural Gas Delivered to Residential Consumers (Dollars per Thousand Cubic Feet),17.09,$/MCF
2015-06,SNY,NEW YORK,EPG0,Natural Gas,PRS,Price Delivered to Residential Consumers,N3010NY3,New York Price of Natural Gas Delivered to Residential Consumers (Dollars per Thousand Cubic Feet),16.26,$/MCF
2015-05,SNY,NEW YORK,EPG0,Natural Gas,PRS,Price Delivered to Residential Consumers,N3010NY3,New York Price of Natural Gas Delivered to Residential Consumers (Dollars per Thousand Cubic Feet),12.68,$/MCF
2015-04,SNY,NEW YORK,EPG0,Natural Gas,PRS,Price Delivered to Residential Consumers,N3010NY3,New York Price of Natural Gas Delivered to Residential Consumers (Dollars per Thousand Cubic Feet),10.19,$/MCF
2015-03,SNY,NEW YORK,EPG0,Natural Gas,PRS,Price Delivered to Residential Consumers,N3010NY3,New York Price of Natural Gas Delivered to Residential Consumers (Dollars per Thousand Cubic Feet),9.34,$/MCF
2015-02,SNY,NEW YORK,EPG0,Natural Gas,PRS,Price Delivered to Residential Consumers,N3010NY3,New York Price of Natural Gas Delivered to Residential Consumers (Dollars per Thousand Cubic Feet),9.79,$/MCF
2015-01,SNY,NEW YORK,EPG0,Natural Gas,PRS,Price Delivered to Residential Consumers,N3010NY3,New York Price of Natural Gas Delivered to Residential Consumers (Dollars per Thousand Cubic Feet),10.51,$/MCF
2014-12,SNY,NEW YORK,EPG0,Natural Gas,PRS,Price Delivered to Residential Consumers,N3010NY3,New York Price of Natural Gas Delivered to Residential Consumers (Dollars per Thousand Cubic Feet),10.66,$/MCF
2014-11,SNY,NEW YORK,EPG0,Natural Gas,PRS,Price Delivered to Residential Consumers,N3010NY3,New York Price of Natural Gas Delivered to Residential Consumers (Dollars per Thousand Cubic Feet),12.27,$/MCF
2014-10,SNY,NEW YORK,EPG0,Natural Gas,PRS,Price Delivered to Residential Consumers,N3010NY3,New York Price of Natural Gas Delivered to Residential Consumers (Dollars per Thousand Cubic Feet),15.99,$/MCF
2014-09,SNY,NEW YORK,EPG0,Natural Gas,PRS,Price Delivered to Residential Consumers,N3010NY3,New York Price of Natural Gas Delivered to Residential Consumers (Dollars per Thousand Cubic Feet),17.86,$/MCF
2014-08,SNY,NEW YORK,EPG0,Natural Gas,PRS,Price Delivered to Residential Consumers,N3010NY3,New York Price of Natural Gas Delivered to Residential Consumers (Dollars per Thousand Cubic Feet),18.88,$/MCF
2014-07,SNY,NEW YORK,EPG0,Natural Gas,PRS,Price Delivered to Residential Consumers,N3010NY3,New York Price of Natural Gas Delivered to Residential Consumers (Dollars per Thousand Cubic Feet),18.99,$/MCF
2014-06,SNY,NEW YORK,EPG0,Natural Gas,PRS,Price Delivered to Residential Consumers,N3010NY3,New York Price of Natural Gas Delivered to Residential Consumers (Dollars per Thousand Cubic Feet),17.99,$/MCF
2014-05,SNY,NEW YORK,EPG0,Natural Gas,PRS,Price Delivered to Residential Consumers,N3010NY3,New York Price of Natural Gas Delivered to Residential Consumers (Dollars per Thousand Cubic Feet),14.55,$/MCF
2014-04,SNY,NEW YORK,EPG0,Natural Gas,PRS,Price Delivered to Residential Consumers,N3010NY3,New York Price of Natural Gas Delivered to Residential Consumers (Dollars per Thousand Cubic Feet),12.49,$/MCF
2014-03,SNY,NEW YORK,EPG0,Natural Gas,PRS,Price Delivered to Residential Consumers,N3010NY3,New York Price of Natural Gas Delivered to Residential Consumers (Dollars per Thousand Cubic Feet),11.78,$/MCF
2014-02,SNY,NEW YORK,EPG0,Natural Gas,PRS,Price Delivered to Residential Consumers,N3010NY3,New York Price of Natural Gas Delivered to Residential Consumers (Dollars per Thousand Cubic Feet),11.32,$/MCF
2014-01,SNY,NEW YORK,EPG0,Natural Gas,PRS,Price Delivered to Residential Consumers,N3010NY3,New York Price of Natural Gas Delivered to Residential Consumers (Dollars per Thousand Cubic Feet),11.18,$/MCF
2013-12,SNY,NEW YORK,EPG0,Natural Gas,PRS,Price Delivered to Residential Consumers,N3010NY3,New York Price of Natural Gas Delivered to Residential Consumers (Dollars per Thousand Cubic Feet),10.5,$/MCF
2013-11,SNY,NEW YORK,EPG0,Natural Gas,PRS,Price Delivered to Residential Consumers,N3010NY3,New York Price of Natural Gas Delivered to Residential Consumers (Dollars per Thousand Cubic Feet),12.27,$/MCF
2013-10,SNY,NEW YORK,EPG0,Natural Gas,PRS,Price Delivered to Residential Consumers,N3010NY3,New York Price of Natural Gas Delivered to Residential Consumers (Dollars per Thousand Cubic Feet),16.12,$/MCF
2013-09,SNY,NEW YORK,EPG0,Natural Gas,PRS,Price Delivered to Residential Consumers,N3010NY3,New York Price of Natural Gas Delivered to Residential Consumers (Dollars per Thousand Cubic Feet),18.42,$/MCF
2013-08,SNY,NEW YORK,EPG0,Natural Gas,PRS,Price Delivered to Residential Consumers,N3010NY3,New York Price of Natural Gas Delivered to Residential Consumers (Dollars per Thousand Cubic Feet),18.99,$/MCF
2013-07,SNY,NEW YORK,EPG0,Natural Gas,PRS,Price Delivered to Residential Consumers,N3010NY3,New York Price of Natural Gas Delivered to Residential Consumers (Dollars per Thousand Cubic Feet),19.25,$/MCF
2013-06,SNY,NEW YORK,EPG0,Natural Gas,PRS,Price Delivered to Residential Consumers,N3010NY3,New York Price of Natural Gas Delivered to Residential Consumers (Dollars per Thousand Cubic Feet),18.16,$/MCF
2013-05,SNY,NEW YORK,EPG0,Natural Gas,PRS,Price Delivered to Residential Consumers,N3010NY3,New York Price of Natural Gas Delivered to Residential Consumers (Dollars per Thousand Cubic Feet),15.73,$/MCF
2013-04,SNY,NEW YORK,EPG0,Natural Gas,PRS,Price Delivered to Residential Consumers,N3010NY3,New York Price of Natural Gas Delivered to Residential Consumers (Dollars per Thousand Cubic Feet),12.65,$/MCF
2013-03,SNY,NEW YORK,EPG0,Natural Gas,PRS,Price Delivered to Residential Consumers,N3010NY3,New York Price of Natural Gas Delivered to Residential Consumers (Dollars per Thousand Cubic Feet),11.41,$/MCF
2013-02,SNY,NEW YORK,EPG0,Natural Gas,PRS,Price Delivered to Residential Consumers,N3010NY3,New York Price of Natural Gas Delivered to Residential Consumers (Dollars per Thousand Cubic Feet),10.8,$/MCF
2013-01,SNY,NEW YORK,EPG0,Natural Gas,PRS,Price Delivered to Residential Consumers,N3010NY3,New York Price of Natural Gas Delivered to Residential Consumers (Dollars per Thousand Cubic Feet),11.27,$/MCF
2012-12,SNY,NEW YORK,EPG0,Natural Gas,PRS,Price Delivered to Residential Consumers,N3010NY3,New York Price of Natural Gas Delivered to Residential Consumers (Dollars per Thousand Cubic Feet),11.97,$/MCF
2012-11,SNY,NEW YORK,EPG0,Natural Gas,PRS,Price Delivered to Residential Consumers,N3010NY3,New York Price of Natural Gas Delivered to Residential Consumers (Dollars per Thousand Cubic Feet),11.35,$/MCF
2012-10,SNY,NEW YORK,EPG0,Natural Gas,PRS,Price Delivered to Residential Consumers,N3010NY3,New York Price of Natural Gas Delivered to Residential Consumers (Dollars per Thousand Cubic Feet),15.26,$/MCF
2012-09,SNY,NEW YORK,EPG0,Natural Gas,PRS,Price Delivered to Residential Consumers,N3010NY3,New York Price of Natural Gas Delivered to Residential Consumers (Dollars per Thousand Cubic Feet),18.16,$/MCF
2012-08,SNY,NEW YORK,EPG0,Natural Gas,PRS,Price Delivered to Residential Consumers,N3010NY3,New York Price of Natural Gas Delivered to Residential Consumers (Dollars per Thousand Cubic Feet),18.78,$/MCF
2012-07,SNY,NEW YORK,EPG0,Natural Gas,PRS,Price Delivered to Residential Consumers,N3010NY3,New York Price of Natural Gas Delivered to Residential Consumers (Dollars per Thousand Cubic Feet),17.4,$/MCF
2012-06,SNY,NEW YORK,EPG0,Natural Gas,PRS,Price Delivered to Residential Consumers,N3010NY3,New York Price of Natural Gas Delivered to Residential Consumers (Dollars per Thousand Cubic Feet),18,$/MCF
2012-05,SNY,NEW YORK,EPG0,Natural Gas,PRS,Price Delivered to Residential Consumers,N3010NY3,New York Price of Natural Gas Delivered to Residential Consumers (Dollars per Thousand Cubic Feet),15.13,$/MCF
2012-04,SNY,NEW YORK,EPG0,Natural Gas,PRS,Price Delivered to Residential Consumers,N3010NY3,New York Price of Natural Gas Delivered to Residential Consumers (Dollars per Thousand Cubic Feet),13.06,$/MCF
2012-03,SNY,NEW YORK,EPG0,Natural Gas,PRS,Price Delivered to Residential Consumers,N3010NY3,New York Price of Natural Gas Delivered to Residential Consumers (Dollars per Thousand Cubic Feet),12.99,$/MCF
2012-02,SNY,NEW YORK,EPG0,Natural Gas,PRS,Price Delivered to Residential Consumers,N3010NY3,New York Price of Natural Gas Delivered to Residential Consumers (Dollars per Thousand Cubic Feet),11.69,$/MCF
2012-01,SNY,NEW YORK,EPG0,Natural Gas,PRS,Price Delivered to Residential Consumers,N3010NY3,New York Price of Natural Gas Delivered to Residential Consumers (Dollars per Thousand Cubic Feet),11.67,$/MCF
2011-12,SNY,NEW YORK,EPG0,Natural Gas,PRS,Price Delivered to Residential Consumers,N3010NY3,New York Price of Natural Gas Delivered to Residential Consumers (Dollars per Thousand Cubic Feet),12.65,$/MCF
2011-11,SNY,NEW YORK,EPG0,Natural Gas,PRS,Price Delivered to Residential Consumers,N3010NY3,New York Price of Natural Gas Delivered to Residential Consumers (Dollars per Thousand Cubic Feet),13.93,$/MCF
2011-10,SNY,NEW YORK,EPG0,Natural Gas,PRS,Price Delivered to Residential Consumers,N3010NY3,New York Price of Natural Gas Delivered to Residential Consumers (Dollars per Thousand Cubic Feet),16.56,$/MCF
2011-09,SNY,NEW YORK,EPG0,Natural Gas,PRS,Price Delivered to Residential Consumers,N3010NY3,New York Price of Natural Gas Delivered to Residential Consumers (Dollars per Thousand Cubic Feet),19.75,$/MCF
2011-08,SNY,NEW YORK,EPG0,Natural Gas,PRS,Price Delivered to Residential Consumers,N3010NY3,New York Price of Natural Gas Delivered to Residential Consumers (Dollars per Thousand Cubic Feet),19.78,$/MCF
2011-07,SNY,NEW YORK,EPG0,Natural Gas,PRS,Price Delivered to Residential Consumers,N3010NY3,New York Price of Natural Gas Delivered to Residential Consumers (Dollars per Thousand Cubic Feet),19.77,$/MCF
2011-06,SNY,NEW YORK,EPG0,Natural Gas,PRS,Price Delivered to Residential Consumers,N3010NY3,New York Price of Natural Gas Delivered to Residential Consumers (Dollars per Thousand Cubic Feet),19.74,$/MCF
2011-05,SNY,NEW YORK,EPG0,Natural Gas,PRS,Price Delivered to Residential Consumers,N3010NY3,New York Price of Natural Gas Delivered to Residential Consumers (Dollars per Thousand Cubic Feet),15.88,$/MCF
2011-04,SNY,NEW YORK,EPG0,Natural Gas,PRS,Price Delivered to Residential Consumers,N3010NY3,New York Price of Natural Gas Delivered to Residential Consumers (Dollars per Thousand Cubic Feet),13.6,$/MCF
2011-03,SNY,NEW YORK,EPG0,Natural Gas,PRS,Price Delivered to Residential Consumers,N3010NY3,New York Price of Natural Gas Delivered to Residential Consumers (Dollars per Thousand Cubic Feet),12.73,$/MCF
2011-02,SNY,NEW YORK,EPG0,Natural Gas,PRS,Price Delivered to Residential Consumers,N3010NY3,New York Price of Natural Gas Delivered to Residential Consumers (Dollars per Thousand Cubic Feet),12.27,$/MCF
2011-01,SNY,NEW YORK,EPG0,Natural Gas,PRS,Price Delivered to Residential Consumers,N3010NY3,New York Price of Natural Gas Delivered to Residential Consumers (Dollars per Thousand Cubic Feet),12.05,$/MCF
2010-12,SNY,NEW YORK,EPG0,Natural Gas,PRS,Price Delivered to Residential Consumers,N3010NY3,New York Price of Natural Gas Delivered to Residential Consumers (Dollars per Thousand Cubic Feet),12.09,$/MCF
2010-11,SNY,NEW YORK,EPG0,Natural Gas,PRS,Price Delivered to Residential Consumers,N3010NY3,New York Price of Natural Gas Delivered to Residential Consumers (Dollars per Thousand Cubic Feet),13.88,$/MCF
2010-10,SNY,NEW YORK,EPG0,Natural Gas,PRS,Price Delivered to Residential Consumers,N3010NY3,New York Price of Natural Gas Delivered to Residential Consumers (Dollars per Thousand Cubic Feet),16.47,$/MCF
2010-09,SNY,NEW YORK,EPG0,Natural Gas,PRS,Price Delivered to Residential Consumers,N3010NY3,New York Price of Natural Gas Delivered to Residential Consumers (Dollars per Thousand Cubic Feet),18.54,$/MCF
2010-08,SNY,NEW YORK,EPG0,Natural Gas,PRS,Price Delivered to Residential Consumers,N3010NY3,New York Price of Natural Gas Delivered to Residential Consumers (Dollars per Thousand Cubic Feet),20.17,$/MCF
2010-07,SNY,NEW YORK,EPG0,Natural Gas,PRS,Price Delivered to Residential Consumers,N3010NY3,New York Price of Natural Gas Delivered to Residential Consumers (Dollars per Thousand Cubic Feet),20,$/MCF
2010-06,SNY,NEW YORK,EPG0,Natural Gas,PRS,Price Delivered to Residential Consumers,N3010NY3,New York Price of Natural Gas Delivered to Residential Consumers (Dollars per Thousand Cubic Feet),18.42,$/MCF
2010-05,SNY,NEW YORK,EPG0,Natural Gas,PRS,Price Delivered to Residential Consumers,N3010NY3,New York Price of Natural Gas Delivered to Residential Consumers (Dollars per Thousand Cubic Feet),15.82,$/MCF
2010-04,SNY,NEW YORK,EPG0,Natural Gas,PRS,Price Delivered to Residential Consumers,N3010NY3,New York Price of Natural Gas Delivered to Residential Consumers (Dollars per Thousand Cubic Feet),15.08,$/MCF
2010-03,SNY,NEW YORK,EPG0,Natural Gas,PRS,Price Delivered to Residential Consumers,N3010NY3,New York Price of Natural Gas Delivered to Residential Consumers (Dollars per Thousand Cubic Feet),13.6,$/MCF
2010-02,SNY,NEW YORK,EPG0,Natural Gas,PRS,Price Delivered to Residential Consumers,N3010NY3,New York Price of Natural Gas Delivered to Residential Consumers (Dollars per Thousand Cubic Feet),13.01,$/MCF
2010-01,SNY,NEW YORK,EPG0,Natural Gas,PRS,Price Delivered to Residential Consumers,N3010NY3,New York Price of Natural Gas Delivered to Residential Consumers (Dollars per Thousand Cubic Feet),12.97,$/MCF
2009-12,SNY,NEW YORK,EPG0,Natural Gas,PRS,Price Delivered to Residential Consumers,N3010NY3,New York Price of Natural Gas Delivered to Residential Consumers (Dollars per Thousand Cubic Feet),14.02,$/MCF
2009-11,SNY,NEW YORK,EPG0,Natural Gas,PRS,Price Delivered to Residential Consumers,N3010NY3,New York Price of Natural Gas Delivered to Residential Consumers (Dollars per Thousand Cubic Feet),14.97,$/MCF
2009-10,SNY,NEW YORK,EPG0,Natural Gas,PRS,Price Delivered to Residential Consumers,N3010NY3,New York Price of Natural Gas Delivered to Residential Consumers (Dollars per Thousand Cubic Feet),14.71,$/MCF
2009-09,SNY,NEW YORK,EPG0,Natural Gas,PRS,Price Delivered to Residential Consumers,N3010NY3,New York Price of Natural Gas Delivered to Residential Consumers (Dollars per Thousand Cubic Feet),17.74,$/MCF
2009-08,SNY,NEW YORK,EPG0,Natural Gas,PRS,Price Delivered to Residential Consumers,N3010NY3,New York Price of Natural Gas Delivered to Residential Consumers (Dollars per Thousand Cubic Feet),17.81,$/MCF
2009-07,SNY,NEW YORK,EPG0,Natural Gas,PRS,Price Delivered to Residential Consumers,N3010NY3,New York Price of Natural Gas Delivered to Residential Consumers (Dollars per Thousand Cubic Feet),18.24,$/MCF
2009-06,SNY,NEW YORK,EPG0,Natural Gas,PRS,Price Delivered to Residential Consumers,N3010NY3,New York Price of Natural Gas Delivered to Residential Consumers (Dollars per Thousand Cubic Feet),16.82,$/MCF
2009-05,SNY,NEW YORK,EPG0,Natural Gas,PRS,Price Delivered to Residential Consumers,N3010NY3,New York Price of Natural Gas Delivered to Residential Consumers (Dollars per Thousand Cubic Feet),15.13,$/MCF
2009-04,SNY,NEW YORK,EPG0,Natural Gas,PRS,Price Delivered to Residential Consumers,N3010NY3,New York Price of Natural Gas Delivered to Residential Consumers (Dollars per Thousand Cubic Feet),14.19,$/MCF
2009-03,SNY,NEW YORK,EPG0,Natural Gas,PRS,Price Delivered to Residential Consumers,N3010NY3,New York Price of Natural Gas Delivered to Residential Consumers (Dollars per Thousand Cubic Feet),14.63,$/MCF
2009-02,SNY,NEW YORK,EPG0,Natural Gas,PRS,Price Delivered to Residential Consumers,N3010NY3,New York Price of Natural Gas Delivered to Residential Consumers (Dollars per Thousand Cubic Feet),14.84,$/MCF
2009-01,SNY,NEW YORK,EPG0,Natural Gas,PRS,Price Delivered to Residential Consumers,N3010NY3,New York Price of Natural Gas Delivered to Residential Consumers (Dollars per Thousand Cubic Feet),15.46,$/MCF
2008-12,SNY,NEW YORK,EPG0,Natural Gas,PRS,Price Delivered to Residential Consumers,N3010NY3,New York Price of Natural Gas Delivered to Residential Consumers (Dollars per Thousand Cubic Feet),16.26,$/MCF
2008-11,SNY,NEW YORK,EPG0,Natural Gas,PRS,Price Delivered to Residential Consumers,N3010NY3,New York Price of Natural Gas Delivered to Residential Consumers (Dollars per Thousand Cubic Feet),16.48,$/MCF
2008-10,SNY,NEW YORK,EPG0,Natural Gas,PRS,Price Delivered to Residential Consumers,N3010NY3,New York Price of Natural Gas Delivered to Residential Consumers (Dollars per Thousand Cubic Feet),18.42,$/MCF
2008-09,SNY,NEW YORK,EPG0,Natural Gas,PRS,Price Delivered to Residential Consumers,N3010NY3,New York Price of Natural Gas Delivered to Residential Consumers (Dollars per Thousand Cubic Feet),21.66,$/MCF
2008-08,SNY,NEW YORK,EPG0,Natural Gas,PRS,Price Delivered to Residential Consumers,N3010NY3,New York Price of Natural Gas Delivered to Residential Consumers (Dollars per Thousand Cubic Feet),24.2,$/MCF
2008-07,SNY,NEW YORK,EPG0,Natural Gas,PRS,Price Delivered to Residential Consumers,N3010NY3,New York Price of Natural Gas Delivered to Residential Consumers (Dollars per Thousand Cubic Feet),24.96,$/MCF
2008-06,SNY,NEW YORK,EPG0,Natural Gas,PRS,Price Delivered to Residential Consumers,N3010NY3,New York Price of Natural Gas Delivered to Residential Consumers (Dollars per Thousand Cubic Feet),22.88,$/MCF
2008-05,SNY,NEW YORK,EPG0,Natural Gas,PRS,Price Delivered to Residential Consumers,N3010NY3,New York Price of Natural Gas Delivered to Residential Consumers (Dollars per Thousand Cubic Feet),19.95,$/MCF
2008-04,SNY,NEW YORK,EPG0,Natural Gas,PRS,Price Delivered to Residential Consumers,N3010NY3,New York Price of Natural Gas Delivered to Residential Consumers (Dollars per Thousand Cubic Feet),16.76,$/MCF
2008-03,SNY,NEW YORK,EPG0,Natural Gas,PRS,Price Delivered to Residential Consumers,N3010NY3,New York Price of Natural Gas Delivered to Residential Consumers (Dollars per Thousand Cubic Feet),15.21,$/MCF
2008-02,SNY,NEW YORK,EPG0,Natural Gas,PRS,Price Delivered to Residential Consumers,N3010NY3,New York Price of Natural Gas Delivered to Residential Consumers (Dollars per Thousand Cubic Feet),14.91,$/MCF
2008-01,SNY,NEW YORK,EPG0,Natural Gas,PRS,Price Delivered to Residential Consumers,N3010NY3,New York Price of Natural Gas Delivered to Residential Consumers (Dollars per Thousand Cubic Feet),14.99,$/MCF
2007-12,SNY,NEW YORK,EPG0,Natural Gas,PRS,Price Delivered to Residential Consumers,N3010NY3,New York Price of Natural Gas Delivered to Residential Consumers (Dollars per Thousand Cubic Feet),14.83,$/MCF
2007-11,SNY,NEW YORK,EPG0,Natural Gas,PRS,Price Delivered to Residential Consumers,N3010NY3,New York Price of Natural Gas Delivered to Residential Consumers (Dollars per Thousand Cubic Feet),16.04,$/MCF
2007-10,SNY,NEW YORK,EPG0,Natural Gas,PRS,Price Delivered to Residential Consumers,N3010NY3,New York Price of Natural Gas Delivered to Residential Consumers (Dollars per Thousand Cubic Feet),18.64,$/MCF
2007-09,SNY,NEW YORK,EPG0,Natural Gas,PRS,Price Delivered to Residential Consumers,N3010NY3,New York Price of Natural Gas Delivered to Residential Consumers (Dollars per Thousand Cubic Feet),18.53,$/MCF
2007-08,SNY,NEW YORK,EPG0,Natural Gas,PRS,Price Delivered to Residential Consumers,N3010NY3,New York Price of Natural Gas Delivered to Residential Consumers (Dollars per Thousand Cubic Feet),18.94,$/MCF
2007-07,SNY,NEW YORK,EPG0,Natural Gas,PRS,Price Delivered to Residential Consumers,N3010NY3,New York Price of Natural Gas Delivered to Residential Consumers (Dollars per Thousand Cubic Feet),19.95,$/MCF
2007-06,SNY,NEW YORK,EPG0,Natural Gas,PRS,Price Delivered to Residential Consumers,N3010NY3,New York Price of Natural Gas Delivered to Residential Consumers (Dollars per Thousand Cubic Feet),19.59,$/MCF
2007-05,SNY,NEW YORK,EPG0,Natural Gas,PRS,Price Delivered to Residential Consumers,N3010NY3,New York Price of Natural Gas Delivered to Residential Consumers (Dollars per Thousand Cubic Feet),17.33,$/MCF
2007-04,SNY,NEW YORK,EPG0,Natural Gas,PRS,Price Delivered to Residential Consumers,N3010NY3,New York Price of Natural Gas Delivered to Residential Consumers (Dollars per Thousand Cubic Feet),15.47,$/MCF
2007-03,SNY,NEW YORK,EPG0,Natural Gas,PRS,Price Delivered to Residential Consumers,N3010NY3,New York Price of Natural Gas Delivered to Residential Consumers (Dollars per Thousand Cubic Feet),15.08,$/MCF
2007-02,SNY,NEW YORK,EPG0,Natural Gas,PRS,Price Delivered to Residential Consumers,N3010NY3,New York Price of Natural Gas Delivered to Residential Consumers (Dollars per Thousand Cubic Feet),14.43,$/MCF
2007-01,SNY,NEW YORK,EPG0,Natural Gas,PRS,Price Delivered to Residential Consumers,N3010NY3,New York Price of Natural Gas Delivered to Residential Consumers (Dollars per Thousand Cubic Feet),15.24,$/MCF
2006-12,SNY,NEW YORK,EPG0,Natural Gas,PRS,Price Delivered to Residential Consumers,N3010NY3,New York Price of Natural Gas Delivered to Residential Consumers (Dollars per Thousand Cubic Feet),14.97,$/MCF
2006-11,SNY,NEW YORK,EPG0,Natural Gas,PRS,Price Delivered to Residential Consumers,N3010NY3,New York Price of Natural Gas Delivered to Residential Consumers (Dollars per Thousand Cubic Feet),14.75,$/MCF
2006-10,SNY,NEW YORK,EPG0,Natural Gas,PRS,Price Delivered to Residential Consumers,N3010NY3,New York Price of Natural Gas Delivered to Residential Consumers (Dollars per Thousand Cubic Feet),13.37,$/MCF
2006-09,SNY,NEW YORK,EPG0,Natural Gas,PRS,Price Delivered to Residential Consumers,N3010NY3,New York Price of Natural Gas Delivered to Residential Consumers (Dollars per Thousand Cubic Feet),18.43,$/MCF
2006-08,SNY,NEW YORK,EPG0,Natural Gas,PRS,Price Delivered to Residential Consumers,N3010NY3,New York Price of Natural Gas Delivered to Residential Consumers (Dollars per Thousand Cubic Feet),18.91,$/MCF
2006-07,SNY,NEW YORK,EPG0,Natural Gas,PRS,Price Delivered to Residential Consumers,N3010NY3,New York Price of Natural Gas Delivered to Residential Consumers (Dollars per Thousand Cubic Feet),18.04,$/MCF
2006-06,SNY,NEW YORK,EPG0,Natural Gas,PRS,Price Delivered to Residential Consumers,N3010NY3,New York Price of Natural Gas Delivered to Residential Consumers (Dollars per Thousand Cubic Feet),16.69,$/MCF
2006-05,SNY,NEW YORK,EPG0,Natural Gas,PRS,Price Delivered to Residential Consumers,N3010NY3,New York Price of Natural Gas Delivered to Residential Consumers (Dollars per Thousand Cubic Feet),16.09,$/MCF
2006-04,SNY,NEW YORK,EPG0,Natural Gas,PRS,Price Delivered to Residential Consumers,N3010NY3,New York Price of Natural Gas Delivered to Residential Consumers (Dollars per Thousand Cubic Feet),14.58,$/MCF
2006-03,SNY,NEW YORK,EPG0,Natural Gas,PRS,Price Delivered to Residential Consumers,N3010NY3,New York Price of Natural Gas Delivered to Residential Consumers (Dollars per Thousand Cubic Feet),13.99,$/MCF
2006-02,SNY,NEW YORK,EPG0,Natural Gas,PRS,Price Delivered to Residential Consumers,N3010NY3,New York Price of Natural Gas Delivered to Residential Consumers (Dollars per Thousand Cubic Feet),15.11,$/MCF
2006-01,SNY,NEW YORK,EPG0,Natural Gas,PRS,Price Delivered to Residential Consumers,N3010NY3,New York Price of Natural Gas Delivered to Residential Consumers (Dollars per Thousand Cubic Feet),16.61,$/MCF
2005-12,SNY,NEW YORK,EPG0,Natural Gas,PRS,Price Delivered to Residential Consumers,N3010NY3,New York Price of Natural Gas Delivered to Residential Consumers (Dollars per Thousand Cubic Feet),17.44,$/MCF
2005-11,SNY,NEW YORK,EPG0,Natural Gas,PRS,Price Delivered to Residential Consumers,N3010NY3,New York Price of Natural Gas Delivered to Residential Consumers (Dollars per Thousand Cubic Feet),20.21,$/MCF
2005-10,SNY,NEW YORK,EPG0,Natural Gas,PRS,Price Delivered to Residential Consumers,N3010NY3,New York Price of Natural Gas Delivered to Residential Consumers (Dollars per Thousand Cubic Feet),22.24,$/MCF
2005-09,SNY,NEW YORK,EPG0,Natural Gas,PRS,Price Delivered to Residential Consumers,N3010NY3,New York Price of Natural Gas Delivered to Residential Consumers (Dollars per Thousand Cubic Feet),20.78,$/MCF
2005-08,SNY,NEW YORK,EPG0,Natural Gas,PRS,Price Delivered to Residential Consumers,N3010NY3,New York Price of Natural Gas Delivered to Residential Consumers (Dollars per Thousand Cubic Feet),18.48,$/MCF
2005-07,SNY,NEW YORK,EPG0,Natural Gas,PRS,Price Delivered to Residential Consumers,N3010NY3,New York Price of Natural Gas Delivered to Residential Consumers (Dollars per Thousand Cubic Feet),17.62,$/MCF
2005-06,SNY,NEW YORK,EPG0,Natural Gas,PRS,Price Delivered to Residential Consumers,N3010NY3,New York Price of Natural Gas Delivered to Residential Consumers (Dollars per Thousand Cubic Feet),16.16,$/MCF
2005-05,SNY,NEW YORK,EPG0,Natural Gas,PRS,Price Delivered to Residential Consumers,N3010NY3,New York Price of Natural Gas Delivered to Residential Consumers (Dollars per Thousand Cubic Feet),14.49,$/MCF
2005-04,SNY,NEW YORK,EPG0,Natural Gas,PRS,Price Delivered to Residential Consumers,N3010NY3,New York Price of Natural Gas Delivered to Residential Consumers (Dollars per Thousand Cubic Feet),13.45,$/MCF
2005-03,SNY,NEW YORK,EPG0,Natural Gas,PRS,Price Delivered to Residential Consumers,N3010NY3,New York Price of Natural Gas Delivered to Residential Consumers (Dollars per Thousand Cubic Feet),12.42,$/MCF
2005-02,SNY,NEW YORK,EPG0,Natural Gas,PRS,Price Delivered to Residential Consumers,N3010NY3,New York Price of Natural Gas Delivered to Residential Consumers (Dollars per Thousand Cubic Feet),12.65,$/MCF
2005-01,SNY,NEW YORK,EPG0,Natural Gas,PRS,Price Delivered to Residential Consumers,N3010NY3,New York Price of Natural Gas Delivered to Residential Consumers (Dollars per Thousand Cubic Feet),12.8,$/MCF
2004-12,SNY,NEW YORK,EPG0,Natural Gas,PRS,Price Delivered to Residential Consumers,N3010NY3,New York Price of Natural Gas Delivered to Residential Consumers (Dollars per Thousand Cubic Feet),13.19,$/MCF
2004-11,SNY,NEW YORK,EPG0,Natural Gas,PRS,Price Delivered to Residential Consumers,N3010NY3,New York Price of Natural Gas Delivered to Residential Consumers (Dollars per Thousand Cubic Feet),13.44,$/MCF
2004-10,SNY,NEW YORK,EPG0,Natural Gas,PRS,Price Delivered to Residential Consumers,N3010NY3,New York Price of Natural Gas Delivered to Residential Consumers (Dollars per Thousand Cubic Feet),14.41,$/MCF
2004-09,SNY,NEW YORK,EPG0,Natural Gas,PRS,Price Delivered to Residential Consumers,N3010NY3,New York Price of Natural Gas Delivered to Residential Consumers (Dollars per Thousand Cubic Feet),16.22,$/MCF
2004-08,SNY,NEW YORK,EPG0,Natural Gas,PRS,Price Delivered to Residential Consumers,N3010NY3,New York Price of Natural Gas Delivered to Residential Consumers (Dollars per Thousand Cubic Feet),16.89,$/MCF
2004-07,SNY,NEW YORK,EPG0,Natural Gas,PRS,Price Delivered to Residential Consumers,N3010NY3,New York Price of Natural Gas Delivered to Residential Consumers (Dollars per Thousand Cubic Feet),16.29,$/MCF
2004-06,SNY,NEW YORK,EPG0,Natural Gas,PRS,Price Delivered to Residential Consumers,N3010NY3,New York Price of Natural Gas Delivered to Residential Consumers (Dollars per Thousand Cubic Feet),15.34,$/MCF
2004-05,SNY,NEW YORK,EPG0,Natural Gas,PRS,Price Delivered to Residential Consumers,N3010NY3,New York Price of Natural Gas Delivered to Residential Consumers (Dollars per Thousand Cubic Feet),13.07,$/MCF
2004-04,SNY,NEW YORK,EPG0,Natural Gas,PRS,Price Delivered to Residential Consumers,N3010NY3,New York Price of Natural Gas Delivered to Residential Consumers (Dollars per Thousand Cubic Feet),11.51,$/MCF
2004-03,SNY,NEW YORK,EPG0,Natural Gas,PRS,Price Delivered to Residential Consumers,N3010NY3,New York Price of Natural Gas Delivered to Residential Consumers (Dollars per Thousand Cubic Feet),11.48,$/MCF
2004-02,SNY,NEW YORK,EPG0,Natural Gas,PRS,Price Delivered to Residential Consumers,N3010NY3,New York Price of Natural Gas Delivered to Residential Consumers (Dollars per Thousand Cubic Feet),11.33,$/MCF
2004-01,SNY,NEW YORK,EPG0,Natural Gas,PRS,Price Delivered to Residential Consumers,N3010NY3,New York Price of Natural Gas Delivered to Residential Consumers (Dollars per Thousand Cubic Feet),11.41,$/MCF
2003-12,SNY,NEW YORK,EPG0,Natural Gas,PRS,Price Delivered to Residential Consumers,N3010NY3,New York Price of Natural Gas Delivered to Residential Consumers (Dollars per Thousand Cubic Feet),11.36,$/MCF
2003-11,SNY,NEW YORK,EPG0,Natural Gas,PRS,Price Delivered to Residential Consumers,N3010NY3,New York Price of Natural Gas Delivered to Residential Consumers (Dollars per Thousand Cubic Feet),12.02,$/MCF
2003-10,SNY,NEW YORK,EPG0,Natural Gas,PRS,Price Delivered to Residential Consumers,N3010NY3,New York Price of Natural Gas Delivered to Residential Consumers (Dollars per Thousand Cubic Feet),13.01,$/MCF
2003-09,SNY,NEW YORK,EPG0,Natural Gas,PRS,Price Delivered to Residential Consumers,N3010NY3,New York Price of Natural Gas Delivered to Residential Consumers (Dollars per Thousand Cubic Feet),15.58,$/MCF
2003-08,SNY,NEW YORK,EPG0,Natural Gas,PRS,Price Delivered to Residential Consumers,N3010NY3,New York Price of Natural Gas Delivered to Residential Consumers (Dollars per Thousand Cubic Feet),16.17,$/MCF
2003-07,SNY,NEW YORK,EPG0,Natural Gas,PRS,Price Delivered to Residential Consumers,N3010NY3,New York Price of Natural Gas Delivered to Residential Consumers (Dollars per Thousand Cubic Feet),16.01,$/MCF
2003-06,SNY,NEW YORK,EPG0,Natural Gas,PRS,Price Delivered to Residential Consumers,N3010NY3,New York Price of Natural Gas Delivered to Residential Consumers (Dollars per Thousand Cubic Feet),14.71,$/MCF
2003-05,SNY,NEW YORK,EPG0,Natural Gas,PRS,Price Delivered to Residential Consumers,N3010NY3,New York Price of Natural Gas Delivered to Residential Consumers (Dollars per Thousand Cubic Feet),12.93,$/MCF
2003-04,SNY,NEW YORK,EPG0,Natural Gas,PRS,Price Delivered to Residential Consumers,N3010NY3,New York Price of Natural Gas Delivered to Residential Consumers (Dollars per Thousand Cubic Feet),12.22,$/MCF
2003-03,SNY,NEW YORK,EPG0,Natural Gas,PRS,Price Delivered to Residential Consumers,N3010NY3,New York Price of Natural Gas Delivered to Residential Consumers (Dollars per Thousand Cubic Feet),11.69,$/MCF
2003-02,SNY,NEW YORK,EPG0,Natural Gas,PRS,Price Delivered to Residential Consumers,N3010NY3,New York Price of Natural Gas Delivered to Residential Consumers (Dollars per Thousand Cubic Feet),9.88,$/MCF
2003-01,SNY,NEW YORK,EPG0,Natural Gas,PRS,Price Delivered to Residential Consumers,N3010NY3,New York Price of Natural Gas Delivered to Residential Consumers (Dollars per Thousand Cubic Feet),9.63,$/MCF
2002-12,SNY,NEW YORK,EPG0,Natural Gas,PRS,Price Delivered to Residential Consumers,N3010NY3,New York Price of Natural Gas Delivered to Residential Consumers (Dollars per Thousand Cubic Feet),9.48,$/MCF
2002-11,SNY,NEW YORK,EPG0,Natural Gas,PRS,Price Delivered to Residential Consumers,N3010NY3,New York Price of Natural Gas Delivered to Residential Consumers (Dollars per Thousand Cubic Feet),10.08,$/MCF
2002-10,SNY,NEW YORK,EPG0,Natural Gas,PRS,Price Delivered to Residential Consumers,N3010NY3,New York Price of Natural Gas Delivered to Residential Consumers (Dollars per Thousand Cubic Feet),11.84,$/MCF
2002-09,SNY,NEW YORK,EPG0,Natural Gas,PRS,Price Delivered to Residential Consumers,N3010NY3,New York Price of Natural Gas Delivered to Residential Consumers (Dollars per Thousand Cubic Feet),13.21,$/MCF
2002-08,SNY,NEW YORK,EPG0,Natural Gas,PRS,Price Delivered to Residential Consumers,N3010NY3,New York Price of Natural Gas Delivered to Residential Consumers (Dollars per Thousand Cubic Feet),13.18,$/MCF
2002-07,SNY,NEW YORK,EPG0,Natural Gas,PRS,Price Delivered to Residential Consumers,N3010NY3,New York Price of Natural Gas Delivered to Residential Consumers (Dollars per Thousand Cubic Feet),13.04,$/MCF
2002-06,SNY,NEW YORK,EPG0,Natural Gas,PRS,Price Delivered to Residential Consumers,N3010NY3,New York Price of Natural Gas Delivered to Residential Consumers (Dollars per Thousand Cubic Feet),11.66,$/MCF
2002-05,SNY,NEW YORK,EPG0,Natural Gas,PRS,Price Delivered to Residential Consumers,N3010NY3,New York Price of Natural Gas Delivered to Residential Consumers (Dollars per Thousand Cubic Feet),9.96,$/MCF
2002-04,SNY,NEW YORK,EPG0,Natural Gas,PRS,Price Delivered to Residential Consumers,N3010NY3,New York Price of Natural Gas Delivered to Residential Consumers (Dollars per Thousand Cubic Feet),9.34,$/MCF
2002-03,SNY,NEW YORK,EPG0,Natural Gas,PRS,Price Delivered to Residential Consumers,N3010NY3,New York Price of Natural Gas Delivered to Residential Consumers (Dollars per Thousand Cubic Feet),9.17,$/MCF
2002-02,SNY,NEW YORK,EPG0,Natural Gas,PRS,Price Delivered to Residential Consumers,N3010NY3,New York Price of Natural Gas Delivered to Residential Consumers (Dollars per Thousand Cubic Feet),8.65,$/MCF
2002-01,SNY,NEW YORK,EPG0,Natural Gas,PRS,Price Delivered to Residential Consumers,N3010NY3,New York Price of Natural Gas Delivered to Residential Consumers (Dollars per Thousand Cubic Feet),9.35,$/MCF
2001-12,SNY,NEW YORK,EPG0,Natural Gas,PRS,Price Delivered to Residential Consumers,N3010NY3,New York Price of Natural Gas Delivered to Residential Consumers (Dollars per Thousand Cubic Feet),10.89,$/MCF
2001-11,SNY,NEW YORK,EPG0,Natural Gas,PRS,Price Delivered to Residential Consumers,N3010NY3,New York Price of Natural Gas Delivered to Residential Consumers (Dollars per Thousand Cubic Feet),11.16,$/MCF
2001-10,SNY,NEW YORK,EPG0,Natural Gas,PRS,Price Delivered to Residential Consumers,N3010NY3,New York Price of Natural Gas Delivered to Residential Consumers (Dollars per Thousand Cubic Feet),11.57,$/MCF
2001-09,SNY,NEW YORK,EPG0,Natural Gas,PRS,Price Delivered to Residential Consumers,N3010NY3,New York Price of Natural Gas Delivered to Residential Consumers (Dollars per Thousand Cubic Feet),13.14,$/MCF
2001-08,SNY,NEW YORK,EPG0,Natural Gas,PRS,Price Delivered to Residential Consumers,N3010NY3,New York Price of Natural Gas Delivered to Residential Consumers (Dollars per Thousand Cubic Feet),14.41,$/MCF
2001-07,SNY,NEW YORK,EPG0,Natural Gas,PRS,Price Delivered to Residential Consumers,N3010NY3,New York Price of Natural Gas Delivered to Residential Consumers (Dollars per Thousand Cubic Feet),14.25,$/MCF
2001-06,SNY,NEW YORK,EPG0,Natural Gas,PRS,Price Delivered to Residential Consumers,N3010NY3,New York Price of Natural Gas Delivered to Residential Consumers (Dollars per Thousand Cubic Feet),13.84,$/MCF
2001-05,SNY,NEW YORK,EPG0,Natural Gas,PRS,Price Delivered to Residential Consumers,N3010NY3,New York Price of Natural Gas Delivered to Residential Consumers (Dollars per Thousand Cubic Feet),13.5,$/MCF
2001-04,SNY,NEW YORK,EPG0,Natural Gas,PRS,Price Delivered to Residential Consumers,N3010NY3,New York Price of Natural Gas Delivered to Residential Consumers (Dollars per Thousand Cubic Feet),11.43,$/MCF
2001-03,SNY,NEW YORK,EPG0,Natural Gas,PRS,Price Delivered to Residential Consumers,N3010NY3,New York Price of Natural Gas Delivered to Residential Consumers (Dollars per Thousand Cubic Feet),10.53,$/MCF
2001-02,SNY,NEW YORK,EPG0,Natural Gas,PRS,Price Delivered to Residential Consumers,N3010NY3,New York Price of Natural Gas Delivered to Residential Consumers (Dollars per Thousand Cubic Feet),11.24,$/MCF
2001-01,SNY,NEW YORK,EPG0,Natural Gas,PRS,Price Delivered to Residential Consumers,N3010NY3,New York Price of Natural Gas Delivered to Residential Consumers (Dollars per Thousand Cubic Feet),12.47,$/MCF
2000-12,SNY,NEW YORK,EPG0,Natural Gas,PRS,Price Delivered to Residential Consumers,N3010NY3,New York Price of Natural Gas Delivered to Residential Consumers (Dollars per Thousand Cubic Feet),9.02,$/MCF
2000-11,SNY,NEW YORK,EPG0,Natural Gas,PRS,Price Delivered to Residential Consumers,N3010NY3,New York Price of Natural Gas Delivered to Residential Consumers (Dollars per Thousand Cubic Feet),10.16,$/MCF
2000-10,SNY,NEW YORK,EPG0,Natural Gas,PRS,Price Delivered to Residential Consumers,N3010NY3,New York Price of Natural Gas Delivered to Residential Consumers (Dollars per Thousand Cubic Feet),12.15,$/MCF
2000-09,SNY,NEW YORK,EPG0,Natural Gas,PRS,Price Delivered to Residential Consumers,N3010NY3,New York Price of Natural Gas Delivered to Residential Consumers (Dollars per Thousand Cubic Feet),15.05,$/MCF
2000-08,SNY,NEW YORK,EPG0,Natural Gas,PRS,Price Delivered to Residential Consumers,N3010NY3,New York Price of Natural Gas Delivered to Residential Consumers (Dollars per Thousand Cubic Feet),14.68,$/MCF
2000-07,SNY,NEW YORK,EPG0,Natural Gas,PRS,Price Delivered to Residential Consumers,N3010NY3,New York Price of Natural Gas Delivered to Residential Consumers (Dollars per Thousand Cubic Feet),14.81,$/MCF
2000-06,SNY,NEW YORK,EPG0,Natural Gas,PRS,Price Delivered to Residential Consumers,N3010NY3,New York Price of Natural Gas Delivered to Residential Consumers (Dollars per Thousand Cubic Feet),13.3,$/MCF
2000-05,SNY,NEW YORK,EPG0,Natural Gas,PRS,Price Delivered to Residential Consumers,N3010NY3,New York Price of Natural Gas Delivered to Residential Consumers (Dollars per Thousand Cubic Feet),11.66,$/MCF
2000-04,SNY,NEW YORK,EPG0,Natural Gas,PRS,Price Delivered to Residential Consumers,N3010NY3,New York Price of Natural Gas Delivered to Residential Consumers (Dollars per Thousand Cubic Feet),9.82,$/MCF
2000-03,SNY,NEW YORK,EPG0,Natural Gas,PRS,Price Delivered to Residential Consumers,N3010NY3,New York Price of Natural Gas Delivered to Residential Consumers (Dollars per Thousand Cubic Feet),9.55,$/MCF
2000-02,SNY,NEW YORK,EPG0,Natural Gas,PRS,Price Delivered to Residential Consumers,N3010NY3,New York Price of Natural Gas Delivered to Residential Consumers (Dollars per Thousand Cubic Feet),8.49,$/MCF
2000-01,SNY,NEW YORK,EPG0,Natural Gas,PRS,Price Delivered to Residential Consumers,N3010NY3,New York Price of Natural Gas Delivered to Residential Consumers (Dollars per Thousand Cubic Feet),7.97,$/MCF
1999-12,SNY,NEW YORK,EPG0,Natural Gas,PRS,Price Delivered to Residential Consumers,N3010NY3,New York Price of Natural Gas Delivered to Residential Consumers (Dollars per Thousand Cubic Feet),9.01,$/MCF
1999-11,SNY,NEW YORK,EPG0,Natural Gas,PRS,Price Delivered to Residential Consumers,N3010NY3,New York Price of Natural Gas Delivered to Residential Consumers (Dollars per Thousand Cubic Feet),9.66,$/MCF
1999-10,SNY,NEW YORK,EPG0,Natural Gas,PRS,Price Delivered to Residential Consumers,N3010NY3,New York Price of Natural Gas Delivered to Residential Consumers (Dollars per Thousand Cubic Feet),10.29,$/MCF
1999-09,SNY,NEW YORK,EPG0,Natural Gas,PRS,Price Delivered to Residential Consumers,N3010NY3,New York Price of Natural Gas Delivered to Residential Consumers (Dollars per Thousand Cubic Feet),11.93,$/MCF
1999-08,SNY,NEW YORK,EPG0,Natural Gas,PRS,Price Delivered to Residential Consumers,N3010NY3,New York Price of Natural Gas Delivered to Residential Consumers (Dollars per Thousand Cubic Feet),12.01,$/MCF
1999-07,SNY,NEW YORK,EPG0,Natural Gas,PRS,Price Delivered to Residential Consumers,N3010NY3,New York Price of Natural Gas Delivered to Residential Consumers (Dollars per Thousand Cubic Feet),12.65,$/MCF
1999-06,SNY,NEW YORK,EPG0,Natural Gas,PRS,Price Delivered to Residential Consumers,N3010NY3,New York Price of Natural Gas Delivered to Residential Consumers (Dollars per Thousand Cubic Feet),11.79,$/MCF
1999-05,SNY,NEW YORK,EPG0,Natural Gas,PRS,Price Delivered to Residential Consumers,N3010NY3,New York Price of Natural Gas Delivered to Residential Consumers (Dollars per Thousand Cubic Feet),10.1,$/MCF
1999-04,SNY,NEW YORK,EPG0,Natural Gas,PRS,Price Delivered to Residential Consumers,N3010NY3,New York Price of Natural Gas Delivered to Residential Consumers (Dollars per Thousand Cubic Feet),8.74,$/MCF
1999-03,SNY,NEW YORK,EPG0,Natural Gas,PRS,Price Delivered to Residential Consumers,N3010NY3,New York Price of Natural Gas Delivered to Residential Consumers (Dollars per Thousand Cubic Feet),8.05,$/MCF
1999-02,SNY,NEW YORK,EPG0,Natural Gas,PRS,Price Delivered to Residential Consumers,N3010NY3,New York Price of Natural Gas Delivered to Residential Consumers (Dollars per Thousand Cubic Feet),8.49,$/MCF
1999-01,SNY,NEW YORK,EPG0,Natural Gas,PRS,Price Delivered to Residential Consumers,N3010NY3,New York Price of Natural Gas Delivered to Residential Consumers (Dollars per Thousand Cubic Feet),8.21,$/MCF
1998-12,SNY,NEW YORK,EPG0,Natural Gas,PRS,Price Delivered to Residential Consumers,N3010NY3,New York Price of Natural Gas Delivered to Residential Consumers (Dollars per Thousand Cubic Feet),9.3,$/MCF
1998-11,SNY,NEW YORK,EPG0,Natural Gas,PRS,Price Delivered to Residential Consumers,N3010NY3,New York Price of Natural Gas Delivered to Residential Consumers (Dollars per Thousand Cubic Feet),9.5,$/MCF
1998-10,SNY,NEW YORK,EPG0,Natural Gas,PRS,Price Delivered to Residential Consumers,N3010NY3,New York Price of Natural Gas Delivered to Residential Consumers (Dollars per Thousand Cubic Feet),11.62,$/MCF
1998-09,SNY,NEW YORK,EPG0,Natural Gas,PRS,Price Delivered to Residential Consumers,N3010NY3,New York Price of Natural Gas Delivered to Residential Consumers (Dollars per Thousand Cubic Feet),12.66,$/MCF
1998-08,SNY,NEW YORK,EPG0,Natural Gas,PRS,Price Delivered to Residential Consumers,N3010NY3,New York Price of Natural Gas Delivered to Residential Consumers (Dollars per Thousand Cubic Feet),13.24,$/MCF
1998-07,SNY,NEW YORK,EPG0,Natural Gas,PRS,Price Delivered to Residential Consumers,N3010NY3,New York Price of Natural Gas Delivered to Residential Consumers (Dollars per Thousand Cubic Feet),7.08,$/MCF
1998-06,SNY,NEW YORK,EPG0,Natural Gas,PRS,Price Delivered to Residential Consumers,N3010NY3,New York Price of Natural Gas Delivered to Residential Consumers (Dollars per Thousand Cubic Feet),11.99,$/MCF
1998-05,SNY,NEW YORK,EPG0,Natural Gas,PRS,Price Delivered to Residential Consumers,N3010NY3,New York Price of Natural Gas Delivered to Residential Consumers (Dollars per Thousand Cubic Feet),10.73,$/MCF
1998-04,SNY,NEW YORK,EPG0,Natural Gas,PRS,Price Delivered to Residential Consumers,N3010NY3,New York Price of Natural Gas Delivered to Residential Consumers (Dollars per Thousand Cubic Feet),9.56,$/MCF
1998-03,SNY,NEW YORK,EPG0,Natural Gas,PRS,Price Delivered to Residential Consumers,N3010NY3,New York Price of Natural Gas Delivered to Residential Consumers (Dollars per Thousand Cubic Feet),8.9,$/MCF
1998-02,SNY,NEW YORK,EPG0,Natural Gas,PRS,Price Delivered to Residential Consumers,N3010NY3,New York Price of Natural Gas Delivered to Residential Consumers (Dollars per Thousand Cubic Feet),9.09,$/MCF
1998-01,SNY,NEW YORK,EPG0,Natural Gas,PRS,Price Delivered to Residential Consumers,N3010NY3,New York Price of Natural Gas Delivered to Residential Consumers (Dollars per Thousand Cubic Feet),9.17,$/MCF
1997-12,SNY,NEW YORK,EPG0,Natural Gas,PRS,Price Delivered to Residential Consumers,N3010NY3,New York Price of Natural Gas Delivered to Residential Consumers (Dollars per Thousand Cubic Feet),9.34,$/MCF
1997-11,SNY,NEW YORK,EPG0,Natural Gas,PRS,Price Delivered to Residential Consumers,N3010NY3,New York Price of Natural Gas Delivered to Residential Consumers (Dollars per Thousand Cubic Feet),9.93,$/MCF
1997-10,SNY,NEW YORK,EPG0,Natural Gas,PRS,Price Delivered to Residential Consumers,N3010NY3,New York Price of Natural Gas Delivered to Residential Consumers (Dollars per Thousand Cubic Feet),11.38,$/MCF
1997-09,SNY,NEW YORK,EPG0,Natural Gas,PRS,Price Delivered to Residential Consumers,N3010NY3,New York Price of Natural Gas Delivered to Residential Consumers (Dollars per Thousand Cubic Feet),12.59,$/MCF
1997-08,SNY,NEW YORK,EPG0,Natural Gas,PRS,Price Delivered to Residential Consumers,N3010NY3,New York Price of Natural Gas Delivered to Residential Consumers (Dollars per Thousand Cubic Feet),11.62,$/MCF
1997-07,SNY,NEW YORK,EPG0,Natural Gas,PRS,Price Delivered to Residential Consumers,N3010NY3,New York Price of Natural Gas Delivered to Residential Consumers (Dollars per Thousand Cubic Feet),12.7,$/MCF
1997-06,SNY,NEW YORK,EPG0,Natural Gas,PRS,Price Delivered to Residential Consumers,N3010NY3,New York Price of Natural Gas Delivered to Residential Consumers (Dollars per Thousand Cubic Feet),10.83,$/MCF
1997-05,SNY,NEW YORK,EPG0,Natural Gas,PRS,Price Delivered to Residential Consumers,N3010NY3,New York Price of Natural Gas Delivered to Residential Consumers (Dollars per Thousand Cubic Feet),9.01,$/MCF
1997-04,SNY,NEW YORK,EPG0,Natural Gas,PRS,Price Delivered to Residential Consumers,N3010NY3,New York Price of Natural Gas Delivered to Residential Consumers (Dollars per Thousand Cubic Feet),8.51,$/MCF
1997-03,SNY,NEW YORK,EPG0,Natural Gas,PRS,Price Delivered to Residential Consumers,N3010NY3,New York Price of Natural Gas Delivered to Residential Consumers (Dollars per Thousand Cubic Feet),8.86,$/MCF
1997-02,SNY,NEW YORK,EPG0,Natural Gas,PRS,Price Delivered to Residential Consumers,N3010NY3,New York Price of Natural Gas Delivered to Residential Consumers (Dollars per Thousand Cubic Feet),9.55,$/MCF
1997-01,SNY,NEW YORK,EPG0,Natural Gas,PRS,Price Delivered to Residential Consumers,N3010NY3,New York Price of Natural Gas Delivered to Residential Consumers (Dollars per Thousand Cubic Feet),9.88,$/MCF
1996-12,SNY,NEW YORK,EPG0,Natural Gas,PRS,Price Delivered to Residential Consumers,N3010NY3,New York Price of Natural Gas Delivered to Residential Consumers (Dollars per Thousand Cubic Feet),,$/MCF
1996-11,SNY,NEW YORK,EPG0,Natural Gas,PRS,Price Delivered to Residential Consumers,N3010NY3,New York Price of Natural Gas Delivered to Residential Consumers (Dollars per Thousand Cubic Feet),,$/MCF
1996-10,SNY,NEW YORK,EPG0,Natural Gas,PRS,Price Delivered to Residential Consumers,N3010NY3,New York Price of Natural Gas Delivered to Residential Consumers (Dollars per Thousand Cubic Feet),,$/MCF
1996-09,SNY,NEW YORK,EPG0,Natural Gas,PRS,Price Delivered to Residential Consumers,N3010NY3,New York Price of Natural Gas Delivered to Residential Consumers (Dollars per Thousand Cubic Feet),,$/MCF
1996-08,SNY,NEW YORK,EPG0,Natural Gas,PRS,Price Delivered to Residential Consumers,N3010NY3,New York Price of Natural Gas Delivered to Residential Consumers (Dollars per Thousand Cubic Feet),,$/MCF
1996-07,SNY,NEW YORK,EPG0,Natural Gas,PRS,Price Delivered to Residential Consumers,N3010NY3,New York Price of Natural Gas Delivered to Residential Consumers (Dollars per Thousand Cubic Feet),11.08,$/MCF
1996-06,SNY,NEW YORK,EPG0,Natural Gas,PRS,Price Delivered to Residential Consumers,N3010NY3,New York Price of Natural Gas Delivered to Residential Consumers (Dollars per Thousand Cubic Feet),10.03,$/MCF
1996-05,SNY,NEW YORK,EPG0,Natural Gas,PRS,Price Delivered to Residential Consumers,N3010NY3,New York Price of Natural Gas Delivered to Residential Consumers (Dollars per Thousand Cubic Feet),8.8,$/MCF
1996-04,SNY,NEW YORK,EPG0,Natural Gas,PRS,Price Delivered to Residential Consumers,N3010NY3,New York Price of Natural Gas Delivered to Residential Consumers (Dollars per Thousand Cubic Feet),8.39,$/MCF
1996-03,SNY,NEW YORK,EPG0,Natural Gas,PRS,Price Delivered to Residential Consumers,N3010NY3,New York Price of Natural Gas Delivered to Residential Consumers (Dollars per Thousand Cubic Feet),8.12,$/MCF
1996-02,SNY,NEW YORK,EPG0,Natural Gas,PRS,Price Delivered to Residential Consumers,N3010NY3,New York Price of Natural Gas Delivered to Residential Consumers (Dollars per Thousand Cubic Feet),8.22,$/MCF
1996-01,SNY,NEW YORK,EPG0,Natural Gas,PRS,Price Delivered to Residential Consumers,N3010NY3,New York Price of Natural Gas Delivered to Residential Consumers (Dollars per Thousand Cubic Feet),8.01,$/MCF
1995-12,SNY,NEW YORK,EPG0,Natural Gas,PRS,Price Delivered to Residential Consumers,N3010NY3,New York Price of Natural Gas Delivered to Residential Consumers (Dollars per Thousand Cubic Feet),7.77,$/MCF
1995-11,SNY,NEW YORK,EPG0,Natural Gas,PRS,Price Delivered to Residential Consumers,N3010NY3,New York Price of Natural Gas Delivered to Residential Consumers (Dollars per Thousand Cubic Feet),8.7,$/MCF
1995-10,SNY,NEW YORK,EPG0,Natural Gas,PRS,Price Delivered to Residential Consumers,N3010NY3,New York Price of Natural Gas Delivered to Residential Consumers (Dollars per Thousand Cubic Feet),11.09,$/MCF
1995-09,SNY,NEW YORK,EPG0,Natural Gas,PRS,Price Delivered to Residential Consumers,N3010NY3,New York Price of Natural Gas Delivered to Residential Consumers (Dollars per Thousand Cubic Feet),11.81,$/MCF
1995-08,SNY,NEW YORK,EPG0,Natural Gas,PRS,Price Delivered to Residential Consumers,N3010NY3,New York Price of Natural Gas Delivered to Residential Consumers (Dollars per Thousand Cubic Feet),12,$/MCF
1995-07,SNY,NEW YORK,EPG0,Natural Gas,PRS,Price Delivered to Residential Consumers,N3010NY3,New York Price of Natural Gas Delivered to Residential Consumers (Dollars per Thousand Cubic Feet),11.64,$/MCF
1995-06,SNY,NEW YORK,EPG0,Natural Gas,PRS,Price Delivered to Residential Consumers,N3010NY3,New York Price of Natural Gas Delivered to Residential Consumers (Dollars per Thousand Cubic Feet),10.2,$/MCF
1995-05,SNY,NEW YORK,EPG0,Natural Gas,PRS,Price Delivered to Residential Consumers,N3010NY3,New York Price of Natural Gas Delivered to Residential Consumers (Dollars per Thousand Cubic Feet),8.7,$/MCF
1995-04,SNY,NEW YORK,EPG0,Natural Gas,PRS,Price Delivered to Residential Consumers,N3010NY3,New York Price of Natural Gas Delivered to Residential Consumers (Dollars per Thousand Cubic Feet),7.88,$/MCF
1995-03,SNY,NEW YORK,EPG0,Natural Gas,PRS,Price Delivered to Residential Consumers,N3010NY3,New York Price of Natural Gas Delivered to Residential Consumers (Dollars per Thousand Cubic Feet),7.66,$/MCF
1995-02,SNY,NEW YORK,EPG0,Natural Gas,PRS,Price Delivered to Residential Consumers,N3010NY3,New York Price of Natural Gas Delivered to Residential Consumers (Dollars per Thousand Cubic Feet),7.66,$/MCF
1995-01,SNY,NEW YORK,EPG0,Natural Gas,PRS,Price Delivered to Residential Consumers,N3010NY3,New York Price of Natural Gas Delivered to Residential Consumers (Dollars per Thousand Cubic Feet),8.1,$/MCF
1994-12,SNY,NEW YORK,EPG0,Natural Gas,PRS,Price Delivered to Residential Consumers,N3010NY3,New York Price of Natural Gas Delivered to Residential Consumers (Dollars per Thousand Cubic Feet),8.64,$/MCF
1994-11,SNY,NEW YORK,EPG0,Natural Gas,PRS,Price Delivered to Residential Consumers,N3010NY3,New York Price of Natural Gas Delivered to Residential Consumers (Dollars per Thousand Cubic Feet),9.36,$/MCF
1994-10,SNY,NEW YORK,EPG0,Natural Gas,PRS,Price Delivered to Residential Consumers,N3010NY3,New York Price of Natural Gas Delivered to Residential Consumers (Dollars per Thousand Cubic Feet),9.7,$/MCF
1994-09,SNY,NEW YORK,EPG0,Natural Gas,PRS,Price Delivered to Residential Consumers,N3010NY3,New York Price of Natural Gas Delivered to Residential Consumers (Dollars per Thousand Cubic Feet),11.42,$/MCF
1994-08,SNY,NEW YORK,EPG0,Natural Gas,PRS,Price Delivered to Residential Consumers,N3010NY3,New York Price of Natural Gas Delivered to Residential Consumers (Dollars per Thousand Cubic Feet),12,$/MCF
1994-07,SNY,NEW YORK,EPG0,Natural Gas,PRS,Price Delivered to Residential Consumers,N3010NY3,New York Price of Natural Gas Delivered to Residential Consumers (Dollars per Thousand Cubic Feet),11.64,$/MCF
1994-06,SNY,NEW YORK,EPG0,Natural Gas,PRS,Price Delivered to Residential Consumers,N3010NY3,New York Price of Natural Gas Delivered to Residential Consumers (Dollars per Thousand Cubic Feet),10.64,$/MCF
1994-05,SNY,NEW YORK,EPG0,Natural Gas,PRS,Price Delivered to Residential Consumers,N3010NY3,New York Price of Natural Gas Delivered to Residential Consumers (Dollars per Thousand Cubic Feet),9.2,$/MCF
1994-04,SNY,NEW YORK,EPG0,Natural Gas,PRS,Price Delivered to Residential Consumers,N3010NY3,New York Price of Natural Gas Delivered to Residential Consumers (Dollars per Thousand Cubic Feet),8.87,$/MCF
1994-03,SNY,NEW YORK,EPG0,Natural Gas,PRS,Price Delivered to Residential Consumers,N3010NY3,New York Price of Natural Gas Delivered to Residential Consumers (Dollars per Thousand Cubic Feet),8.33,$/MCF
1994-02,SNY,NEW YORK,EPG0,Natural Gas,PRS,Price Delivered to Residential Consumers,N3010NY3,New York Price of Natural Gas Delivered to Residential Consumers (Dollars per Thousand Cubic Feet),7.99,$/MCF
1994-01,SNY,NEW YORK,EPG0,Natural Gas,PRS,Price Delivered to Residential Consumers,N3010NY3,New York Price of Natural Gas Delivered to Residential Consumers (Dollars per Thousand Cubic Feet),7.69,$/MCF
1993-12,SNY,NEW YORK,EPG0,Natural Gas,PRS,Price Delivered to Residential Consumers,N3010NY3,New York Price of Natural Gas Delivered to Residential Consumers (Dollars per Thousand Cubic Feet),8.43,$/MCF
1993-11,SNY,NEW YORK,EPG0,Natural Gas,PRS,Price Delivered to Residential Consumers,N3010NY3,New York Price of Natural Gas Delivered to Residential Consumers (Dollars per Thousand Cubic Feet),8.38,$/MCF
1993-10,SNY,NEW YORK,EPG0,Natural Gas,PRS,Price Delivered to Residential Consumers,N3010NY3,New York Price of Natural Gas Delivered to Residential Consumers (Dollars per Thousand Cubic Feet),9.33,$/MCF
1993-09,SNY,NEW YORK,EPG0,Natural Gas,PRS,Price Delivered to Residential Consumers,N3010NY3,New York Price of Natural Gas Delivered to Residential Consumers (Dollars per Thousand Cubic Feet),10.88,$/MCF
1993-08,SNY,NEW YORK,EPG0,Natural Gas,PRS,Price Delivered to Residential Consumers,N3010NY3,New York Price of Natural Gas Delivered to Residential Consumers (Dollars per Thousand Cubic Feet),11.43,$/MCF
1993-07,SNY,NEW YORK,EPG0,Natural Gas,PRS,Price Delivered to Residential Consumers,N3010NY3,New York Price of Natural Gas Delivered to Residential Consumers (Dollars per Thousand Cubic Feet),10.95,$/MCF
1993-06,SNY,NEW YORK,EPG0,Natural Gas,PRS,Price Delivered to Residential Consumers,N3010NY3,New York Price of Natural Gas Delivered to Residential Consumers (Dollars per Thousand Cubic Feet),9.83,$/MCF
1993-05,SNY,NEW YORK,EPG0,Natural Gas,PRS,Price Delivered to Residential Consumers,N3010NY3,New York Price of Natural Gas Delivered to Residential Consumers (Dollars per Thousand Cubic Feet),9.17,$/MCF
1993-04,SNY,NEW YORK,EPG0,Natural Gas,PRS,Price Delivered to Residential Consumers,N3010NY3,New York Price of Natural Gas Delivered to Residential Consumers (Dollars per Thousand Cubic Feet),7.71,$/MCF
1993-03,SNY,NEW YORK,EPG0,Natural Gas,PRS,Price Delivered to Residential Consumers,N3010NY3,New York Price of Natural Gas Delivered to Residential Consumers (Dollars per Thousand Cubic Feet),7.14,$/MCF
1993-02,SNY,NEW YORK,EPG0,Natural Gas,PRS,Price Delivered to Residential Consumers,N3010NY3,New York Price of Natural Gas Delivered to Residential Consumers (Dollars per Thousand Cubic Feet),7.2,$/MCF
1993-01,SNY,NEW YORK,EPG0,Natural Gas,PRS,Price Delivered to Residential Consumers,N3010NY3,New York Price of Natural Gas Delivered to Residential Consumers (Dollars per Thousand Cubic Feet),7.57,$/MCF
1992-12,SNY,NEW YORK,EPG0,Natural Gas,PRS,Price Delivered to Residential Consumers,N3010NY3,New York Price of Natural Gas Delivered to Residential Consumers (Dollars per Thousand Cubic Feet),7.74,$/MCF
1992-11,SNY,NEW YORK,EPG0,Natural Gas,PRS,Price Delivered to Residential Consumers,N3010NY3,New York Price of Natural Gas Delivered to Residential Consumers (Dollars per Thousand Cubic Feet),8.68,$/MCF
1992-10,SNY,NEW YORK,EPG0,Natural Gas,PRS,Price Delivered to Residential Consumers,N3010NY3,New York Price of Natural Gas Delivered to Residential Consumers (Dollars per Thousand Cubic Feet),8.62,$/MCF
1992-09,SNY,NEW YORK,EPG0,Natural Gas,PRS,Price Delivered to Residential Consumers,N3010NY3,New York Price of Natural Gas Delivered to Residential Consumers (Dollars per Thousand Cubic Feet),9.92,$/MCF
1992-08,SNY,NEW YORK,EPG0,Natural Gas,PRS,Price Delivered to Residential Consumers,N3010NY3,New York Price of Natural Gas Delivered to Residential Consumers (Dollars per Thousand Cubic Feet),10.28,$/MCF
1992-07,SNY,NEW YORK,EPG0,Natural Gas,PRS,Price Delivered to Residential Consumers,N3010NY3,New York Price of Natural Gas Delivered to Residential Consumers (Dollars per Thousand Cubic Feet),9.7,$/MCF
1992-06,SNY,NEW YORK,EPG0,Natural Gas,PRS,Price Delivered to Residential Consumers,N3010NY3,New York Price of Natural Gas Delivered to Residential Consumers (Dollars per Thousand Cubic Feet),8.7,$/MCF
1992-05,SNY,NEW YORK,EPG0,Natural Gas,PRS,Price Delivered to Residential Consumers,N3010NY3,New York Price of Natural Gas Delivered to Residential Consumers (Dollars per Thousand Cubic Feet),7.4,$/MCF
1992-04,SNY,NEW YORK,EPG0,Natural Gas,PRS,Price Delivered to Residential Consumers,N3010NY3,New York Price of Natural Gas Delivered to Residential Consumers (Dollars per Thousand Cubic Feet),6.79,$/MCF
1992-03,SNY,NEW YORK,EPG0,Natural Gas,PRS,Price Delivered to Residential Consumers,N3010NY3,New York Price of Natural Gas Delivered to Residential Consumers (Dollars per Thousand Cubic Feet),6.89,$/MCF
1992-02,SNY,NEW YORK,EPG0,Natural Gas,PRS,Price Delivered to Residential Consumers,N3010NY3,New York Price of Natural Gas Delivered to Residential Consumers (Dollars per Thousand Cubic Feet),6.83,$/MCF
1992-01,SNY,NEW YORK,EPG0,Natural Gas,PRS,Price Delivered to Residential Consumers,N3010NY3,New York Price of Natural Gas Delivered to Residential Consumers (Dollars per Thousand Cubic Feet),7.1,$/MCF
1991-12,SNY,NEW YORK,EPG0,Natural Gas,PRS,Price Delivered to Residential Consumers,N3010NY3,New York Price of Natural Gas Delivered to Residential Consumers (Dollars per Thousand Cubic Feet),7.14,$/MCF
1991-11,SNY,NEW YORK,EPG0,Natural Gas,PRS,Price Delivered to Residential Consumers,N3010NY3,New York Price of Natural Gas Delivered to Residential Consumers (Dollars per Thousand Cubic Feet),7.44,$/MCF
1991-10,SNY,NEW YORK,EPG0,Natural Gas,PRS,Price Delivered to Residential Consumers,N3010NY3,New York Price of Natural Gas Delivered to Residential Consumers (Dollars per Thousand Cubic Feet),8.03,$/MCF
1991-09,SNY,NEW YORK,EPG0,Natural Gas,PRS,Price Delivered to Residential Consumers,N3010NY3,New York Price of Natural Gas Delivered to Residential Consumers (Dollars per Thousand Cubic Feet),8.9,$/MCF
1991-08,SNY,NEW YORK,EPG0,Natural Gas,PRS,Price Delivered to Residential Consumers,N3010NY3,New York Price of Natural Gas Delivered to Residential Consumers (Dollars per Thousand Cubic Feet),9.79,$/MCF
1991-07,SNY,NEW YORK,EPG0,Natural Gas,PRS,Price Delivered to Residential Consumers,N3010NY3,New York Price of Natural Gas Delivered to Residential Consumers (Dollars per Thousand Cubic Feet),9.53,$/MCF
1991-06,SNY,NEW YORK,EPG0,Natural Gas,PRS,Price Delivered to Residential Consumers,N3010NY3,New York Price of Natural Gas Delivered to Residential Consumers (Dollars per Thousand Cubic Feet),8.91,$/MCF
1991-05,SNY,NEW YORK,EPG0,Natural Gas,PRS,Price Delivered to Residential Consumers,N3010NY3,New York Price of Natural Gas Delivered to Residential Consumers (Dollars per Thousand Cubic Feet),7.53,$/MCF
1991-04,SNY,NEW YORK,EPG0,Natural Gas,PRS,Price Delivered to Residential Consumers,N3010NY3,New York Price of Natural Gas Delivered to Residential Consumers (Dollars per Thousand Cubic Feet),6.91,$/MCF
1991-03,SNY,NEW YORK,EPG0,Natural Gas,PRS,Price Delivered to Residential Consumers,N3010NY3,New York Price of Natural Gas Delivered to Residential Consumers (Dollars per Thousand Cubic Feet),6.82,$/MCF
1991-02,SNY,NEW YORK,EPG0,Natural Gas,PRS,Price Delivered to Residential Consumers,N3010NY3,New York Price of Natural Gas Delivered to Residential Consumers (Dollars per Thousand Cubic Feet),6.97,$/MCF
1991-01,SNY,NEW YORK,EPG0,Natural Gas,PRS,Price Delivered to Residential Consumers,N3010NY3,New York Price of Natural Gas Delivered to Residential Consumers (Dollars per Thousand Cubic Feet),6.96,$/MCF
1990-12,SNY,NEW YORK,EPG0,Natural Gas,PRS,Price Delivered to Residential Consumers,N3010NY3,New York Price of Natural Gas Delivered to Residential Consumers (Dollars per Thousand Cubic Feet),7.35,$/MCF
1990-11,SNY,NEW YORK,EPG0,Natural Gas,PRS,Price Delivered to Residential Consumers,N3010NY3,New York Price of Natural Gas Delivered to Residential Consumers (Dollars per Thousand Cubic Feet),7.41,$/MCF
1990-10,SNY,NEW YORK,EPG0,Natural Gas,PRS,Price Delivered to Residential Consumers,N3010NY3,New York Price of Natural Gas Delivered to Residential Consumers (Dollars per Thousand Cubic Feet),8.38,$/MCF
1990-09,SNY,NEW YORK,EPG0,Natural Gas,PRS,Price Delivered to Residential Consumers,N3010NY3,New York Price of Natural Gas Delivered to Residential Consumers (Dollars per Thousand Cubic Feet),9.01,$/MCF
1990-08,SNY,NEW YORK,EPG0,Natural Gas,PRS,Price Delivered to Residential Consumers,N3010NY3,New York Price of Natural Gas Delivered to Residential Consumers (Dollars per Thousand Cubic Feet),9.61,$/MCF
1990-07,SNY,NEW YORK,EPG0,Natural Gas,PRS,Price Delivered to Residential Consumers,N3010NY3,New York Price of Natural Gas Delivered to Residential Consumers (Dollars per Thousand Cubic Feet),9.02,$/MCF
1990-06,SNY,NEW YORK,EPG0,Natural Gas,PRS,Price Delivered to Residential Consumers,N3010NY3,New York Price of Natural Gas Delivered to Residential Consumers (Dollars per Thousand Cubic Feet),8.13,$/MCF
1990-05,SNY,NEW YORK,EPG0,Natural Gas,PRS,Price Delivered to Residential Consumers,N3010NY3,New York Price of Natural Gas Delivered to Residential Consumers (Dollars per Thousand Cubic Feet),7.64,$/MCF
1990-04,SNY,NEW YORK,EPG0,Natural Gas,PRS,Price Delivered to Residential Consumers,N3010NY3,New York Price of Natural Gas Delivered to Residential Consumers (Dollars per Thousand Cubic Feet),7.08,$/MCF
1990-03,SNY,NEW YORK,EPG0,Natural Gas,PRS,Price Delivered to Residential Consumers,N3010NY3,New York Price of Natural Gas Delivered to Residential Consumers (Dollars per Thousand Cubic Feet),6.91,$/MCF
1990-02,SNY,NEW YORK,EPG0,Natural Gas,PRS,Price Delivered to Residential Consumers,N3010NY3,New York Price of Natural Gas Delivered to Residential Consumers (Dollars per Thousand Cubic Feet),7.18,$/MCF
1990-01,SNY,NEW YORK,EPG0,Natural Gas,PRS,Price Delivered to Residential Consumers,N3010NY3,New York Price of Natural Gas Delivered to Residential Consumers (Dollars per Thousand Cubic Feet),6.77,$/MCF
1989-12,SNY,NEW YORK,EPG0,Natural Gas,PRS,Price Delivered to Residential Consumers,N3010NY3,New York Price of Natural Gas Delivered to Residential Consumers (Dollars per Thousand Cubic Feet),6.77,$/MCF
1989-11,SNY,NEW YORK,EPG0,Natural Gas,PRS,Price Delivered to Residential Consumers,N3010NY3,New York Price of Natural Gas Delivered to Residential Consumers (Dollars per Thousand Cubic Feet),7.58,$/MCF
1989-10,SNY,NEW YORK,EPG0,Natural Gas,PRS,Price Delivered to Residential Consumers,N3010NY3,New York Price of Natural Gas Delivered to Residential Consumers (Dollars per Thousand Cubic Feet),7.98,$/MCF
1989-09,SNY,NEW YORK,EPG0,Natural Gas,PRS,Price Delivered to Residential Consumers,N3010NY3,New York Price of Natural Gas Delivered to Residential Consumers (Dollars per Thousand Cubic Feet),9.18,$/MCF
1989-08,SNY,NEW YORK,EPG0,Natural Gas,PRS,Price Delivered to Residential Consumers,N3010NY3,New York Price of Natural Gas Delivered to Residential Consumers (Dollars per Thousand Cubic Feet),9.36,$/MCF
1989-07,SNY,NEW YORK,EPG0,Natural Gas,PRS,Price Delivered to Residential Consumers,N3010NY3,New York Price of Natural Gas Delivered to Residential Consumers (Dollars per Thousand Cubic Feet),9.01,$/MCF
1989-06,SNY,NEW YORK,EPG0,Natural Gas,PRS,Price Delivered to Residential Consumers,N3010NY3,New York Price of Natural Gas Delivered to Residential Consumers (Dollars per Thousand Cubic Feet),8.31,$/MCF
1989-05,SNY,NEW YORK,EPG0,Natural Gas,PRS,Price Delivered to Residential Consumers,N3010NY3,New York Price of Natural Gas Delivered to Residential Consumers (Dollars per Thousand Cubic Feet),7.11,$/MCF
1989-04,SNY,NEW YORK,EPG0,Natural Gas,PRS,Price Delivered to Residential Consumers,N3010NY3,New York Price of Natural Gas Delivered to Residential Consumers (Dollars per Thousand Cubic Feet),6.87,$/MCF
1989-03,SNY,NEW YORK,EPG0,Natural Gas,PRS,Price Delivered to Residential Consumers,N3010NY3,New York Price of Natural Gas Delivered to Residential Consumers (Dollars per Thousand Cubic Feet),7.46,$/MCF
1989-02,SNY,NEW YORK,EPG0,Natural Gas,PRS,Price Delivered to Residential Consumers,N3010NY3,New York Price of Natural Gas Delivered to Residential Consumers (Dollars per Thousand Cubic Feet),6.66,$/MCF
1989-01,SNY,NEW YORK,EPG0,Natural Gas,PRS,Price Delivered to Residential Consumers,N3010NY3,New York Price of Natural Gas Delivered to Residential Consumers (Dollars per Thousand Cubic Feet),6.6,$/MCF
